emoji,emoji_meaning
😀,หน้ายิ้มยิงฟัน
😃,หน้ายิ้มอ้าปาก
😄,หน้ายิ้มตายิ้ม และอ้าปาก
😁,ยิ้มยิงฟันตายิ้ม
😆,ยิ้มตาหยี
😅,ยิ้มเหงื่อตก
🤣,ขำกลิ้ง
😂,ร้องไห้ดีใจ
🙂,หน้ายิ้มบางๆ
🙃,หน้ากลับหัว
😉,ขยิบตา
😊,หน้ายิ้มตายิ้ม
😇,ยิ้มเทวดา
🥰,หน้ายิ้มพร้อมกับหัวใจหลายดวง
😍,ตาหัวใจ
🤩,หน้าตาเป็นประกาย
😘,หน้าส่งจุ๊บ
😗,หน้าจุ๊บ
☺,หน้ายิ้ม
😚,หยีตาส่งจุ๊บ
😙,หน้ายิ้มส่งจุ๊บ
🥲,ใบหน้ายิ้มทั้งน้ำตา
😋,แลบลิ้นมุมปาก
😛,แลบลิ้น
😜,แลบลิ้นหน้าทะเล้น
🤪,หน้าเพี้ยน
😝,แลบลิ้นตาหยี
🤑,หน้าเห็นแก่เงิน
🤗,ยิ้มกอด
🤭,เอามือปิดปาก
🤫,หน้าบอกให้เงียบ
🤔,หน้าครุ่นคิด
🤐,รูดซิปปาก
🤨,หน้าประหลาดใจกับยักคิ้ว
😐,หน้าเฉยๆ
😑,หน้าเย็นชา
😶,หน้าไม่มีปาก
😏,แสยะยิ้ม
😒,หน้าหน่าย
🙄,กลอกตา
😬,เบะปาก
😮‍💨,หน้าหายใจออก
🤥,ขี้โกหก
😌,โล่งใจ
😔,คิดไม่ตก
😪,ง่วง
🤤,น้ำลายไหล
😴,หลับ
😷,ผ้าคาดปาก
🤒,อมปรอท
🤕,หัวแตก
🤢,หน้าเขียว
🤮,หน้าอาเจียน
🤧,จาม
🥵,ร้อนมาก
🥶,หนาวสั่น
🥴,หน้างงงวย
😵,หน้ามึน
😵‍💫,หน้าตาลาย
🤯,ช็อค
🤠,คาวบอยสวมหมวก
🥳,ไปปาร์ตี้
🥸,ปลอมตัว
😎,หน้ายิ้มใส่แว่น
🤓,เด็กเนิร์ด
🧐,หน้ากับแว่นเลนส์เดียว
😕,หน้าสับสน
😟,หน้ากังวล
🙁,หน้าบึ้งเล็กน้อย
☹,หน้าบึ้ง
😮,อ้าปาก
😯,หน้าจุ๊ๆ
😲,หน้าประหลาดใจ
😳,อายหน้าแดง
🥺,หน้าอ้อนวอน
😦,หน้าบึ้งอ้าปาก
😧,หน้าเจ็บปวด
😨,หวาดกลัว
😰,กังวลเหงื่อตก
😥,โล่งอก
😢,ร้องไห้
😭,ร้องไห้โฮ
😱,กลัวกรีดร้อง
😖,หน้ารำคาญ
😣,อดทน
😞,หน้าผิดหวัง
😓,เหงื่อตก
😩,หน้าอิดโรย
😫,เหนื่อย
🥱,หน้ากำลังหาว
😤,หน้าข่มอารมณ์
😡,โกรธมาก
😠,หน้าโกรธ
🤬,หน้ากำลังด่า
😈,ยิ้มมีเขา
👿,หน้าบึ้งมีเขา
💀,หัวกระโหลก
☠,กะโหลกไขว้
💩,อุนจิ
🤡,หน้าตลก
👹,ยักษ์ญี่ปุ่น
👺,ปีศาจญี่ปุ่น
👻,ผี
👽,เอเลี่ยน
👾,สัตว์ประหลาดเอเลี่ยน
🤖,หุ่นยนต์
😺,แมวยิ้มอ้าปาก
😸,แมวยิ้มอ้าปากและยิ้มออกตา
😹,แมวร้องไห้ดีใจ
😻,แมวยิ้มมีตารูปหัวใจ
😼,แมวยิ้มเจ้าเล่ห์
😽,แมวส่งจุ๊บ
🙀,แมวตกใจ
😿,แมวร้องไห้
😾,แมวโกรธ
🙈,ลิงปิดตา
🙉,ลิงปิดหู
🙊,ลิงปิดปาก
💋,รอยจูบ
💌,จดหมายรัก
💘,ศรปักใจ
💝,หัวใจผูกริบบิ้น
💖,หัวใจวิบวับ
💗,ใจพองโต
💓,หัวใจเต้น
💞,หัวใจโคจร
💕,ใจ 2 ดวง
💟,หัวใจประดับ
❣,เครื่องหมายอัศเจรีย์รูปหัวใจ
💔,อกหัก
❤,หัวใจสีแดง
🧡,หัวใจสีส้ม
💛,หัวใจสีเหลือง
💚,หัวใจสีเขียว
💙,หัวใจสีน้ำเงิน
💜,หัวใจสีม่วง
🤎,หัวใจสีน้ำตาล
🖤,ใจดำ
🤍,หัวใจสีขาว
💯,คะแนนเต็ม
💢,สัญลักษณ์ความโกรธ
💥,การปะทะ
💫,มึนหัว
💦,เหงื่อหยด
💨,วิ่งฉิว
🕳,หลุม
💣,ระเบิด
💬,พูดไม่ออก
🗨,ฟองคำพูด
🗯,ฟองคำพูดรุนแรง
💭,ลูกโป่งความคิด
💤,หลับปุ๋ย
👋,โบกมือ
🤚,ยกมือ
🖐,ชูมือกางนิ้ว
✋,ตั้งฝ่ามือ
🖖,ชูนิ้วแบบวัลแคน
👌,ทำมือโอเค
🤌,หุบนิ้ว
🤏,ทำมือบีบนิ้วเข้าหากัน
✌,ชู 2 นิ้ว
🤞,นิ้วไขว้
🤟,ทำมือ ‘ฉันรักเธอ’
🤘,ชูนิ้วชาวร็อก
🤙,มือโทร
👈,นิ้วชี้ทางซ้าย
👉,นิ้วชี้ทางขวา
👆,หลังมือนิ้วชี้ขึ้น
🖕,ชูนิ้วกลาง
👇,นิ้วชี้ลง
☝,นิ้วชี้ขึ้น
👍,ชูนิ้วโป้งขึ้น
👎,คว่ำนิ้วโป้งลง
✊,กำมือ
👊,กำปั้น
🤛,กำปั้นขวา
🤜,กำปั้นซ้าย
👏,ตบมือ
🙌,ชู 2 มือ
👐,แบมือ
🤲,แบสองมือ
🤝,จับมือ
🙏,พนมมือ
✍,เขียนหนังสือ
💅,สีทาเล็บ
🤳,เซลฟี่
💪,เบ่งกล้าม
🦾,แขนกล
🦿,ขากล
🦵,ขา
🦶,เท้า
👂,หู
🦻,หูใส่อุปกรณ์ช่วยฟัง
👃,จมูก
🧠,สมอง
🫀,หัวใจ
🫁,ปอด
🦷,ฟัน
🦴,กระดูก
👀,ตา 2 ข้าง
👁,ตาข้างเดียว
👅,ลิ้น
👄,ปาก
👶,ทารก
🧒,เด็ก
👦,เด็กชาย
👧,เด็กหญิง
🧑,คน
👱,คนผมทอง
👨,ผู้ชาย
🧔,ผู้ชายมีเครา
👩,ผู้หญิง
🧓,คนชรา
👴,ชายแก่
👵,หญิงแก่
🙍,ขมวดคิ้ว
🙎,ปากยื่น
🙅,มือทำท่าไม่โอเค
🙆,ทำท่าโอเค
💁,โต๊ะสอบถาม
🙋,ยกมือขึ้น
🧏,คนหูหนวก
🙇,ท่าขอโทษ
🤦,หมดกัน
🤷,ยักไหล่
🧑‍🎓,บัณฑิต
👨‍🎓,นักเรียนชาย
👩‍🎓,นักเรียนหญิง
🧑‍🏫,ครู
👨‍🏫,ครูชาย
👩‍🏫,ครูหญิง
🧑‍🌾,ชาวนา
👨‍🌾,ชาวนาชาย
👩‍🌾,ชาวนาหญิง
🧑‍🍳,กุ๊ก
👨‍🍳,พ่อครัว
👩‍🍳,แม่ครัว
🧑‍🔧,ช่างกล
👨‍🔧,ช่างซ่อมชาย
👩‍🔧,ช่างซ่อมหญิง
🧑‍🏭,พนักงานโรงงาน
👨‍🏭,พนักงานโรงงานชาย
👩‍🏭,พนักงานโรงงานหญิง
🧑‍💼,พนักงานออฟฟิศ
👨‍💼,พนักงานบริษัทชาย
👩‍💼,พนักงานบริษัทหญิง
🧑‍🔬,นักวิทยาศาสตร์
👨‍🔬,นักวิทยาศาสตร์ชาย
👩‍🔬,นักวิทยาศาสตร์หญิง
🧑‍💻,ผู้เชี่ยวชาญด้านเทคโนโลยี
👨‍💻,ผู้เชี่ยวชาญด้านเทคโนโลยีชาย
👩‍💻,ผู้เชี่ยวชาญด้านเทคโนโลยีหญิง
🧑‍🎤,นักร้อง
👨‍🎤,นักร้องชาย
👩‍🎤,นักร้องหญิง
🧑‍🎨,ศิลปิน
👨‍🎨,ศิลปินชาย
👩‍🎨,ศิลปินหญิง
🧑‍🚀,นักบินอวกาศ
👨‍🚀,นักบินอวกาศชาย
👩‍🚀,นักบินอวกาศหญิง
🧑‍🚒,พนักงานดับเพลิง
👨‍🚒,พนักงานดับเพลิงชาย
👩‍🚒,พนักงานดับเพลิงหญิง
👮,เจ้าหน้าที่ตำรวจ
🕵,นักสืบ
💂,การ์ดคุ้มกัน
🥷,นินจา
👷,คนงานก่อสร้าง
🤴,เจ้าชาย
👸,เจ้าหญิง
👳,ชายโพกหัว
👲,ชายจีน
🧕,ผู้หญิงโพกศีรษะ
🤵,คนหล่อ
👰,เจ้าสาว
🤰,คนท้อง
🤱,ให้นม
👩‍🍼,ผู้หญิงให้นมลูก
👨‍🍼,ผู้ชายให้นมลูก
🧑‍🍼,คนให้นมลูก
👼,นางฟ้าเด็ก
🎅,ซานต้า
🤶,นางซานต้า
🧑‍🎄,ซานตาคลอส
🦸,ซุปเปอร์ฮีโร่
🦹,ยอดมนุษย์
🧙,นักเวทย์
🧚,นางฟ้า
🧛,แวมไพร์
🧜,ครึ่งคนครึ่งปลา
🧝,เอลฟ์
🧞,ยักษ์จีนี่
🧟,ซอมบี้
💆,นวดหน้า
💇,ตัดผม
🚶,คนเดิน
🧍,คนกำลังยืน
🧎,คนกำลังคุกเข่า
🧑‍🦯,คนเดินถือไม้เท้านำทาง
👨‍🦯,ผู้ชายเดินถือไม้เท้านำทาง
👩‍🦯,ผู้หญิงเดินถือไม้เท้านำทาง
🧑‍🦼,คนนั่งวีลแชร์ไฟฟ้า
👨‍🦼,ผู้ชายนั่งวีลแชร์ไฟฟ้า
👩‍🦼,ผู้หญิงนั่งวีลแชร์ไฟฟ้า
🧑‍🦽,คนนั่งวีลแชร์ธรรมดา
👨‍🦽,ผู้ชายนั่งวีลแชร์ธรรมดา
👩‍🦽,ผู้หญิงนั่งวีลแชร์ธรรมดา
🏃,คนวิ่ง
💃,นักเต้น
🕺,คนเต้น
🕴,คนใส่สูทลอยได้
👯,คนในชุดหูกระต่าย
🧖,คนในห้องอบไอน้ำ
🧗,นักไต่เขา
🤺,นักฟันดาบ
🏇,แข่งม้า
⛷,นักสกี
🏂,นักสโนว์บอร์ด
🏌,นักกอล์ฟ
🏄,นักโต้คลื่น
🚣,นักพายเรือ
🏊,นักว่ายน้ำ
⛹,คนเล่นบอล
🏋,นักยกน้ำหนัก
🚴,นักปั่นจักรยาน
🚵,นักปั่นจักรยานเสือภูเขา
🤸,คนตีลังกา
🤼,นักมวยปล้ำ
🤽,นักโปโลน้ำ
🤾,นักแฮนด์บอล
🤹,คนเล่นจั๊กกลิ้ง
🧘,คนนั่งสมาธิ
🛀,คนนอนแช่น้ำในอ่าง
🛌,คนนอนหลับ
🧑‍🤝‍🧑,คนจับมือกัน
👭,หญิง-หญิงจับมือ
👫,ชาย-หญิงจับมือ
👬,ชาย-ชายจับมือ
💏,จูบ
💑,คู่รัก
👪,ครอบครัว
🗣,เงาคนกำลังพูด
👤,เงาครึ่งตัวคนเดียว
👥,เงาครึ่งตัว 2 คน
🫂,คนกอดกัน
👣,รอยเท้า
🦰,ผมแดง
🦱,ผมหยิก
🦳,ผมขาว
🦲,หัวล้าน
🐵,หน้าลิง
🐒,ลิง
🦍,กอริลล่า
🦧,อุรังอุตัง
🐶,หน้าสุนัข
🐕,สุนัข
🦮,สุนัขนำทาง
🐕‍🦺,สุนัขบริการ
🐩,พุดเดิ้ล
🐺,หมาป่า
🦊,จิ้งจอก
🦝,แรคคูน
🐱,หน้าแมว
🐈,แมว
🐈‍⬛,แมวดำ
🦁,สิงโต
🐯,หน้าเสือ
🐅,เสือ
🐆,เสือดาว
🐴,หน้าม้า
🐎,ม้า
🦄,ยูนิคอร์น
🦓,ม้าลาย
🦌,กวาง
🦬,ควายไบซัน
🐮,หน้าวัว
🐂,วัวตัวผู้
🐃,ควาย
🐄,วัว
🐷,หน้าหมู
🐖,หมู
🐗,หมูป่าตัวผู้
🐽,จมูกหมู
🐏,แกะตัวผู้
🐑,แกะ
🐐,แพะ
🐪,อูฐโหนกเดียว
🐫,อูฐสองโหนก
🦙,ลามะ
🦒,ยีราฟ
🐘,ช้าง
🦣,ช้างแมมมอธ
🦏,แรด
🦛,ฮิปโปโปเตมัส
🐭,หน้าหนู
🐁,หนูตัวเล็ก
🐀,หนูตัวใหญ่
🐹,หนูแฮมสเตอร์
🐰,หน้ากระต่าย
🐇,กระต่าย
🐿,ชิปมังก์
🦫,บีเวอร์
🦔,เฮดจ์ฮ็อก
🦇,ค้างคาว
🐻,หมี
🐨,โคอาล่า
🐼,แพนด้า
🦥,สลอธ
🦦,ตัวนาก
🦨,สกังก์
🦘,จิงโจ้
🦡,แบดเจอร์
🐾,รอยเท้าสัตว์
🦃,ไก่งวง
🐔,ไก่
🐓,ไก่ตัวผู้
🐣,ลูกเจี๊ยบออกจากไข่
🐤,ลูกเจี๊ยบ
🐥,ลูกเจี๊ยบยืนหันหน้า
🐦,นก
🐧,เพนกวิน
🕊,นกพิราบขาว
🦅,อินทรี
🦆,เป็ด
🦢,หงส์
🦉,นกฮูก
🦤,นกโดโด
🪶,ขนนก
🦩,นกฟลามิงโก
🦚,นกยูง
🦜,นกแก้ว
🐸,กบ
🐊,จระเข้
🐢,เต่า
🦎,จิ้งจก
🐍,งู
🐲,หน้ามังกร
🐉,มังกร
🦕,ไดโนเสาร์
🦖,ทีเร็กซ์
🐳,ปลาวาฬพ่นน้ำ
🐋,ปลาวาฬ
🐬,ปลาโลมา
🦭,แมวน้ำ
🐟,ปลา
🐠,ปลาเขตร้อน
🐡,ปลาปักเป้า
🦈,ฉลาม
🐙,ปลาหมึกยักษ์
🐚,หอย
🐌,หอยทาก
🦋,ผีเสื้อ
🐛,แมลง
🐜,มด
🐝,ผึ้ง
🪲,ด้วง
🐞,เต่าทอง
🦗,จิ้งหรีด
🪳,แมลงสาบ
🕷,แมงมุม
🕸,ใยแมงมุม
🦂,แมงป่อง
🦟,ยุง
🪰,แมลงวัน
🪱,หนอน
🦠,จุลินทรีย์
💐,ช่อดอกไม้
🌸,ดอกซากุระ
💮,ตราดอกไม้
🏵,ลายดอกกุหลาบ
🌹,ดอกกุหลาบ
🥀,ดอกไม้เหี่ยว
🌺,ดอกชบา
🌻,ดอกทานตะวัน
🌼,ดอกไม้บาน
🌷,ทิวลิป
🌱,ต้นอ่อน
🪴,ไม้กระถาง
🌲,ต้นสน
🌳,ต้นไม้ร่มรื่น
🌴,ต้นมะพร้าว
🌵,ตะบองเพชร
🌾,รวงข้าว
🌿,สมุนไพร
☘,ใบโคลเวอร์
🍀,ใบโคลเวอร์ 4 แฉก
🍁,ใบเมเปิ้ล
🍂,ใบไม้ร่วง
🍃,ใบไม้ปลิว
🍇,องุ่น
🍈,เมลอน
🍉,แตงโม
🍊,ส้ม
🍋,เลมอน
🍌,กล้วย
🍍,สับปะรด
🥭,มะม่วง
🍎,แอปเปิ้ลแดง
🍏,แอปเปิ้ลเขียว
🍐,ลูกแพร์
🍑,ลูกพีช
🍒,เชอร์รี่
🍓,สตรอว์เบอร์รี่
🫐,บลูเบอร์รี่
🥝,กีวี
🍅,มะเขือเทศ
🫒,มะกอก
🥥,มะพร้าว
🥑,อาโวคาโด
🍆,มะเขือยาว
🥔,มันฝรั่ง
🥕,แครอท
🌽,ข้าวโพด
🌶,พริก
🫑,พริกหยวก
🥒,แตงกวา
🥬,ผักใบเขียว
🥦,บรอกโคลี
🧄,กระเทียม
🧅,หอมหัวใหญ่
🍄,เห็ด
🥜,ถั่ว
🌰,เกาลัด
🍞,ขนมปัง
🥐,ครัวซอง
🥖,ขนมปังฝรั่งเศส
🫓,แฟลตเบรด
🥨,เพรตเซล
🥯,เบเกิล
🥞,แพนเค้ก
🧇,วาฟเฟิล
🧀,เนยแข็ง
🍖,เนื้อ
🍗,น่องไก่
🥩,เนื้อหั่นชิ้น
🥓,เบคอน
🍔,แฮมเบอร์เกอร์
🍟,เฟรนช์ฟราย
🍕,พิซซ่า 1 ชิ้น
🌭,ฮอทด็อก
🥪,แซนด์วิช
🌮,ทาโก้
🌯,เบอร์ริโต
🫔,ทามาเล่
🥙,เคบับ
🧆,ฟาลาเฟล
🥚,ไข่
🍳,ทำอาหาร
🥘,กระทะ
🍲,สตูว์
🫕,ฟองดูว์
🥣,ชามพร้อมช้อน
🥗,สลัด
🍿,ป๊อปคอร์น
🧈,เนย
🧂,เกลือ
🥫,อาหารกระป๋อง
🍱,กล่องเบนโตะ
🍘,ข้าวอบกรอบ
🍙,ข้าวปั้น
🍚,ข้าวสวย
🍛,ข้าวแกงกะหรี่
🍜,ราเมน
🍝,สปาเก็ตตี้
🍠,มันเผา
🍢,โอเด้ง
🍣,ซูชิ
🍤,กุ้งทอด
🍥,ลูกชิ้นปลา
🥮,ขนมไหว้พระจันทร์
🍡,ดังโงะ
🥟,เกี๊ยว
🥠,คุกกี้เสี่ยงทาย
🥡,อาหารกล่องซื้อกลับบ้าน
🦀,ปู
🦞,กุ้งมังกร
🦐,กุ้ง
🦑,หมึก
🦪,หอยนางรม
🍦,ซอฟต์ครีม
🍧,น้ำแข็งไส
🍨,ไอศกรีม
🍩,โดนัท
🍪,คุกกี้
🎂,เค้กวันเกิด
🍰,เค้ก
🧁,คัพเค้ก
🥧,พาย
🍫,ช็อกโกแลต
🍬,ลูกอม
🍭,อมยิ้ม
🍮,คัสตาร์ด
🍯,โถน้ำผึ้ง
🍼,ขวดนม
🥛,แก้วนม
☕,เครื่องดื่มร้อน
🫖,กาน้ำชา
🍵,ถ้วยชา
🍶,สาเก
🍾,แชมเปญ
🍷,ไวน์
🍸,ค็อกเทล
🍹,เครื่องดื่มผสมน้ำผลไม้
🍺,เบียร์
🍻,เหยือกเบียร์ชนกัน
🥂,ชนแก้ว
🥃,แก้วเหล้า
🥤,แก้วพร้อมหลอด
🧋,ชาไข่มุก
🧃,เครื่องดื่มแบบกล่อง
🧉,ชามาเต
🧊,ก้อนน้ำแข็ง
🥢,ตะเกียบ
🍽,จานพร้อมส้อมและมีด
🍴,ส้อมและมีด
🥄,ช้อน
🔪,มีดทำครัว
🏺,โถโบราณ
🌍,ลูกโลกแสดงทวีปยุโรปและแอฟริกา
🌎,ลูกโลกแสดงทวีปอเมริกา
🌏,ลูกโลกแสดงทวีปเอเชียและออสเตรเลีย
🌐,ลูกโลกแสดงเส้นเมริเดียน
🗺,แผนที่โลก
🗾,แผนที่ญี่ปุ่น
🧭,เข็มทิศ
🏔,ภูเขามีหิมะ
⛰,ภูเขา
🌋,ภูเขาไฟ
🗻,ภูเขาไฟฟูจิ
🏕,ตั้งแคมป์
🏖,ร่มชายหาด
🏜,ทะเลทราย
🏝,เกาะ
🏞,อุทยาน
🏟,สนามกีฬา
🏛,อาคารสไตล์คลาสสิก
🏗,ก่อสร้างอาคาร
🧱,ก้อนอิฐ
🪨,หิน
🪵,ไม้
🛖,กระท่อม
🏘,บ้านหลายหลัง
🏚,บ้านร้าง
🏠,บ้านเดี่ยว
🏡,บ้านพร้อมสวน
🏢,ตึกสำนักงาน
🏣,ไปรษณีย์ญี่ปุ่น
🏤,ไปรษณีย์ยุโรป
🏥,โรงพยาบาล
🏦,ธนาคาร
🏨,โรงแรม
🏩,ม่านรูด
🏪,ร้านสะดวกซื้อ
🏫,โรงเรียน
🏬,ห้างสรรพสินค้า
🏭,โรงงาน
🏯,ปราสาทญี่ปุ่น
🏰,ปราสาทยุโรป
💒,งานแต่งงาน
🗼,โตเกียวทาวเวอร์
🗽,เทพีเสรีภาพ
⛪,โบสถ์
🕌,มัสยิด
🛕,วัดฮินดู
🕍,โบสถ์ยิว
⛩,ศาลเจ้าชินโต
🕋,วิหารกะอ์บะฮ์
⛲,น้ำพุ
⛺,เต็นท์
🌁,หมอกลง
🌃,ดาว
🏙,หมู่ตึกสูง
🌄,ดวงอาทิตย์โผล่พ้นเขา
🌅,ดวงอาทิตย์ขึ้น
🌆,เมืองยามโพล้เพล้
🌇,ดวงอาทิตย์ตก
🌉,สะพานกลางคืน
♨,น้ำพุร้อน
🎠,ม้าหมุน
🎡,ชิงช้าสวรรค์
🎢,รถไฟเหาะ
💈,ร้านตัดผม
🎪,ละครสัตว์
🚂,หัวรถจักรไอน้ำ
🚃,ตู้รถไฟ
🚄,ชินคันเซ็น
🚅,รถไฟความเร็วสูง
🚆,รถไฟ
🚇,รถไฟใต้ดิน
🚈,รถไฟรางเบา
🚉,สถานีรถไฟ
🚊,รถรางบนราง
🚝,รถไฟรางเดี่ยว
🚞,รางรถไฟภูเขา
🚋,ตู้รถราง
🚌,รถบัส
🚍,รถบัสกำลังมา
🚎,รถราง
🚐,มินิบัส
🚑,รถพยาบาล
🚒,รถดับเพลิง
🚓,รถตำรวจ
🚔,รถตำรวจกำลังมา
🚕,แท็กซี่
🚖,แท็กซี่กำลังมา
🚗,รถ
🚘,รถกำลังมา
🚙,รถบ้าน
🛻,รถกระบะ
🚚,รถขนส่ง
🚛,รถบรรทุก
🚜,แทร็กเตอร์
🏎,รถแข่ง
🏍,มอเตอร์ไซค์
🛵,รถสกู๊ตเตอร์
🦽,วีลแชร์ธรรมดา
🦼,วีลแชร์ไฟฟ้า
🛺,รถสามล้อ
🚲,จักรยาน
🛴,สกู๊ตเตอร์
🛹,สเก็ตบอร์ด
🛼,รองเท้าสเก็ต
🚏,ป้ายรถบัส
🛣,ทางด่วน
🛤,รางรถไฟ
🛢,ถังน้ำมัน
⛽,ปั๊มน้ำมัน
🚨,สัญญาณไฟตำรวจ
🚥,ไฟจราจรแนวนอน
🚦,ไฟจราจรแนวตั้ง
🛑,เครื่องหมายหยุด
🚧,ป้ายไซต์ก่อสร้าง
⚓,สมอเรือ
⛵,เรือใบ
🛶,แคนู
🚤,เรือด่วน
🛳,เรือโดยสาร
⛴,เรือเฟอร์รี
🛥,เรือยนต์
🚢,เรือ
✈,เครื่องบิน
🛩,เครื่องบินเล็ก
🛫,เครื่องบินขึ้น
🛬,เครื่องบินลง
🪂,ร่มชูชีพ
💺,ที่นั่ง
🚁,เฮลิคอปเตอร์
🚟,รถไฟสะพานแขวน
🚠,เคเบิลคาร์
🚡,รถกระเช้าลอยฟ้า
🛰,ดาวเทียม
🚀,จรวด
🛸,จานบิน
🛎,กระดิ่งโรงแรม
🧳,กระเป๋าเดินทาง
⌛,นาฬิกาทราย
⏳,นาฬิกาทรายจับเวลา
⌚,นาฬิกาข้อมือ
⏰,นาฬิกาปลุก
⏱,นาฬิกาจับเวลา
⏲,นาฬิกานับถอยหลัง
🕰,นาฬิกาบนหิ้ง
🕛,สิบสองนาฬิกา
🕧,สิบสองนาฬิกาครึ่ง
🕐,หนึ่งนาฬิกา
🕜,หนึ่งนาฬิกาครึ่ง
🕑,สองนาฬิกา
🕝,สองนาฬิกาครึ่ง
🕒,สามนาฬิกา
🕞,สามนาฬิกาครึ่ง
🕓,สี่นาฬิกา
🕟,สี่นาฬิกาครึ่ง
🕔,ห้านาฬิกา
🕠,ห้านาฬิกาครึ่ง
🕕,หกนาฬิกา
🕡,หกนาฬิกาครึ่ง
🕖,เจ็ดนาฬิกา
🕢,เจ็ดนาฬิกาครึ่ง
🕗,แปดนาฬิกา
🕣,แปดนาฬิกาครึ่ง
🕘,เก้านาฬิกา
🕤,เก้านาฬิกาครึ่ง
🕙,สิบนาฬิกา
🕥,สิบนาฬิกาครึ่ง
🕚,สิบเอ็ดนาฬิกา
🕦,สิบเอ็ดนาฬิกาครึ่ง
🌑,จันทร์ดับ
🌒,พระจันทร์เสี้ยวข้างขึ้น
🌓,พระจันทร์ครึ่งซีกขวา
🌔,ข้างขึ้น
🌕,พระจันทร์เต็มดวง
🌖,ข้างแรม
🌗,พระจันทร์ครึ่งซีกซ้าย
🌘,พระจันทร์เสี้ยวข้างแรม
🌙,พระจันทร์เสี้ยว
🌚,หน้าพระจันทร์ดับ
🌛,หน้าพระจันทร์เสี้ยวขวา
🌜,หน้าพระจันทร์เสี้ยวซ้าย
🌡,เครื่องวัดอุณหภูมิ
☀,พระอาทิตย์
🌝,หน้าพระจันทร์เต็มดวง
🌞,หน้าพระอาทิตย์
🪐,ดาวเคราะห์ที่มีวงแหวน
⭐,ดาวสีขาวขนาดกลาง
🌟,ดาวส่องแสง
🌠,ดาวตก
🌌,ทางช้างเผือก
☁,เมฆ
⛅,ดวงอาทิตย์หลังเมฆ
⛈,ฝนฟ้าคะนอง
🌤,เมฆน้อยบดบังพระอาทิตย์
🌥,เมฆก้อนใหญ่บังพระอาทิตย์
🌦,เมฆฝนบดบังพระอาทิตย์
🌧,เมฆฝน
🌨,เมฆและหิมะ
🌩,เมฆและฟ้าแลบ
🌪,พายุทอร์นาโด
🌫,หมอก
🌬,พ่นลม
🌀,ไซโคลน
🌈,รุ้ง
🌂,ร่มหุบ
☂,ร่ม
☔,ร่มและหยดน้ำฝน
⛱,ร่มปักดิน
⚡,ไฟฟ้าแรงสูง
❄,เกล็ดหิมะ
☃,สโนว์แมนและหิมะ
⛄,สโนว์แมน
☄,ดาวหาง
🔥,ไฟ
💧,หยดน้ำ
🌊,คลื่น
🎃,ฟักทองฮาโลวีน
🎄,ต้นคริสต์มาส
🎆,พลุ
🎇,ดอกไม้ไฟ
🧨,ประทัด
✨,ประกายวิบวับ
🎈,ลูกโป่ง
🎉,ปาร์ตี้
🎊,ลูกบอลใส่เศษกระดาษงานปาร์ตี้
🎋,ต้นไม้ประดับคำอวยพร
🎍,ต้นสนประดับ
🎎,ตุ๊กตาญี่ปุ่น
🎏,ธงปลาคาร์พ
🎐,โมบายล์กระดิ่ง
🎑,ไหว้พระจันทร์
🧧,อั่งเปา
🎀,ริบบิ้น
🎁,ของขวัญ
🎗,ริบบิ้นรำลึก
🎟,ตั๋วเข้าชม
🎫,ตั๋ว
🎖,เหรียญกล้าหาญ
🏆,ถ้วยรางวัล
🏅,เหรียญรางวัล
🥇,เหรียญทอง
🥈,เหรียญเงิน
🥉,เหรียญทองแดง
⚽,ลูกฟุตบอล
⚾,เบสบอล
🥎,ซอฟต์บอล
🏀,บาสเกตบอล
🏐,วอลเลย์บอล
🏈,อเมริกันฟุตบอล
🏉,รักบี้
🎾,เทนนิส
🥏,จานร่อน
🎳,โบว์ลิ่ง
🏏,คริกเก็ต
🏑,ฮอกกี้
🏒,ไม้ฮอกกี้
🥍,ลาครอส
🏓,ปิงปอง
🏸,แบดมินตัน
🥊,นวม
🥋,ชุดยูโด
🥅,โกล
⛳,ธงในหลุม
⛸,สเก็ตน้ำแข็ง
🎣,ตกปลา
🤿,หน้ากากดำน้ำ
🎽,เสื้อวิ่ง
🎿,สกี
🛷,เลื่อนหิมะ
🥌,ลูกกลิ้งหิน
🎯,กลางเป้า
🪀,โยโย่
🪁,ว่าว
🎱,บิลเลียด
🔮,ลูกแก้ววิเศษ
🪄,ไม้กายสิทธิ์
🧿,เครื่องราง
🎮,วิดีโอเกม
🕹,จอยสติ๊ก
🎰,สล็อตแมชชีน
🎲,ลูกเต๋า
🧩,จิ๊กซอว์
🧸,ตุ๊กตาหมี
🪅,ปิญญาตา
🪆,ตุ๊กตาแม่ลูกดก
♠,โพดำ
♥,โพแดง
♦,ข้าวหลามตัด
♣,ดอกจิก
♟,หมากรุก
🃏,ไพ่โจ๊กเกอร์
🀄,ไพ่นกกระจอกมังกรแดง
🎴,ไพ่ดอกไม้
🎭,หน้ากาก
🖼,รูปใส่กรอบ
🎨,จานสีวาดรูป
🧵,ด้าย
🪡,เข็มเย็บผ้า
🧶,ไหมพรม
🪢,เงื่อน
👓,แว่นตา
🕶,แว่นกันแดด
🥽,แว่นตากันลม
🥼,เสื้อกาวน์
🦺,เสื้อนิรภัย
👔,เนคไท
👕,เสื้อยืด
👖,ยีนส์
🧣,ผ้าพันคอ
🧤,ถุงมือ
🧥,เสื้อโค้ต
🧦,ถุงเท้า
👗,ชุดกระโปรง
👘,กิโมโน
🥻,ชุดส่าหรี
🩱,ชุดว่ายน้ำวันพีซ
🩲,กางเกงชั้นในชาย
🩳,กางเกงขาสั้น
👙,บิกินี
👚,เสื้อผู้หญิง
👛,กระเป๋าใส่เงิน
👜,กระเป๋าถือ
👝,กระเป๋าใบเล็ก
🛍,ถุงช็อปปิ้ง
🎒,เป้นักเรียน
🩴,รองเท้าลำลอง
👞,รองเท้าชาย
👟,รองเท้ากีฬา
🥾,รองเท้าปีนเขา
🥿,รองเท้าส้นเตี้ย
👠,รองเท้าส้นสูง
👡,รองเท้าแตะผู้หญิง
🩰,รองเท้าบัลเล่ต์
👢,รองเท้าบู๊ตผู้หญิง
👑,มงกุฎ
👒,หมวกผู้หญิง
🎩,หมวกสูง
🎓,หมวกรับปริญญา
🧢,หมวกแก๊ป
🪖,หมวกทหาร
⛑,หมวกนิรภัยมีกากบาทขาว
📿,ลูกประคำ
💄,ลิปสติก
💍,แหวน
💎,อัญมณี
🔇,ไม่ใช้เสียง
🔈,ลำโพงเสียงเบา
🔉,ลำโพงเสียงปานกลาง
🔊,ลำโพงเสียงดัง
📢,เครื่องขยายเสียง
📣,โทรโข่ง
📯,แตรส่งสาร
🔔,กระดิ่ง
🔕,ไม่มีกระดิ่ง
🎼,บรรทัดห้าเส้น
🎵,โน้ตดนตรี
🎶,โน้ตดนตรีหลายตัว
🎙,ไมค์สตูดิโอ
🎚,ที่ปรับระดับเสียง
🎛,ปุ่มควบคุมเสียง
🎤,ไมโครโฟน
🎧,หูฟัง
📻,วิทยุ
🎷,แซ็กโซโฟน
🪗,แอคคอร์เดียน
🎸,กีต้าร์
🎹,เปียโน
🎺,ทรัมเป็ต
🎻,ไวโอลิน
🪕,แบนโจ
🥁,กลอง
🪘,กลองยาว
📱,โทรศัพท์มือถือ
📲,โทรศัพท์มือถือพร้อมลูกศรชี้
☎,โทรศัพท์
📞,หูโทรศัพท์
📟,เพจเจอร์
📠,แฟกซ์
🔋,แบตเตอรี่
🔌,ปลั๊กไฟ
💻,แล็ปท็อป
🖥,คอมพิวเตอร์เดสก์ท็อป
🖨,เครื่องพิมพ์
⌨,แป้นพิมพ์
🖱,เมาส์
🖲,แทร็กบอล
💽,แผ่นดิสก์
💾,ฟลอปปี้ดิสก์
💿,บลูเรย์
📀,ดีวีดี
🧮,ลูกคิด
🎥,กล้องถ่ายภาพยนตร์
🎞,เฟรมภาพยนตร์
📽,เครื่องฉายหนัง
🎬,สเลท
📺,ทีวี
📷,กล้อง
📸,กล้องเปิดแฟลช
📹,กล้องวิดีโอ
📼,วิดีโอเทป
🔍,แว่นขยายเอียงซ้าย
🔎,แว่นขยายเอียงขวา
🕯,เทียน
💡,หลอดไฟ
🔦,ไฟฉาย
🏮,โคมไฟแดง
🪔,ตะเกียงดิยา
📔,สมุดโน้ตมีลาย
📕,หนังสือปิด
📖,หนังสือเปิด
📗,หนังสือสีเขียว
📘,หนังสือสีน้ำเงิน
📙,หนังสือสีส้ม
📚,หนังสือ
📓,สมุดโน้ต
📒,สมุดโน้ตเจาะรูข้าง
📃,เอกสารม้วนปลาย
📜,ม้วนกระดาษ
📄,เอกสาร
📰,หนังสือพิมพ์
🗞,ม้วนหนังสือพิมพ์
📑,แถบคั่นหน้า
🔖,ที่คั่นหนังสือ
🏷,ป้าย
💰,ถุงเงิน
🪙,เหรียญ
💴,ธนบัตรเยน
💵,ธนบัตรดอลลาร์
💶,ธนบัตรยูโร
💷,ธนบัตรปอนด์
💸,เงินบิน
💳,บัตรเครดิต
🧾,ใบเสร็จ
💹,ตลาดขึ้น
✉,ซองจดหมาย
📧,อีเมล
📨,จดหมายเข้า
📩,จดหมายออก
📤,กล่องขาออก
📥,กล่องขาเข้า
📦,พัสดุ
📫,กล่องจดหมายปิดยกธง
📪,กล่องจดหมายปิดคว่ำธง
📬,กล่องจดหมายมีจดหมาย
📭,กล่องจดหมายว่าง
📮,ตู้ไปรษณีย์
🗳,หีบบัตรลงคะแนน
✏,ดินสอ
✒,ปลายปากกาสีดำ
🖋,ปากกาหมึกซึม
🖊,ปากกา
🖌,แปรงทาสี
🖍,ดินสอสี
📝,จดบันทึก
💼,กระเป๋าเอกสาร
📁,แฟ้มเอกสาร
📂,เปิดเอกสาร
🗂,ที่คั่นบัตรรายการ
📅,ปฏิทิน
📆,ปฏิทินแบบฉีกออก
🗒,สมุดโน้ตสันห่วง
🗓,ปฏิทินสันห่วง
📇,ที่ใส่บัตร
📈,แนวโน้มขึ้น
📉,แนวโน้มลง
📊,กราฟแท่ง
📋,คลิปบอร์ด
📌,หมุดปัก
📍,หมุดหัวกลม
📎,คลิปหนีบกระดาษ
🖇,คลิปหนีบกระดาษคู่
📏,ไม้บรรทัดตรง
📐,ไม้บรรทัดสามเหลี่ยม
✂,กรรไกร
🗃,กล่องใส่แฟ้ม
🗄,ตู้เอกสาร
🗑,ตะกร้าขยะ
🔒,ล็อคปิด
🔓,ล็อคเปิด
🔏,ล็อคด้วยปากกา
🔐,ล็อคด้วยกุญแจ
🔑,กุญแจ
🗝,กุญแจเก่า
🔨,ค้อน
🪓,ขวาน
⛏,จอบ
⚒,ค้อนและจอบ
🛠,ค้อนและประแจ
🗡,ดาบสั้น
⚔,ดาบไขว้
🔫,ปืนฉีดน้ำ
🪃,บูมเมอแรง
🏹,ธนูและลูกศร
🛡,โล่
🪚,เลื่อย
🔧,ประแจ
🪛,ไขควง
🔩,สลักและน็อต
⚙,เฟือง
🗜,เครื่องบีบอัด
⚖,ตราชั่ง
🦯,ไม้เท้านำทาง
🔗,สัญลักษณ์การลิงก์
⛓,โซ่
🪝,ตะขอ
🧰,กล่องเครื่องมือ
🧲,แม่เหล็ก
🪜,บันไดปีน
⚗,อุปกรณ์กลั่น
🧪,หลอดทดลอง
🧫,จานเพาะเชื้อ
🧬,ดีเอ็นเอ
🔬,กล้องจุลทรรศน์
🔭,กล้องโทรทรรศน์
📡,จานดาวเทียม
💉,กระบอกฉีดยา
🩸,หยดเลือด
💊,ยาเม็ด
🩹,พลาสเตอร์ปิดแผล
🩺,เครื่องฟังตรวจ
🚪,ประตู
🛗,ลิฟต์
🪞,กระจก
🪟,หน้าต่าง
🛏,เตียง
🛋,โซฟากับโคมไฟ
🪑,เก้าอี้
🚽,โถส้วม
🪠,ที่ปั๊มชักโครก
🚿,ฝักบัว
🛁,อ่างอาบน้ำ
🪤,กับดักหนู
🪒,ใบมีดโกน
🧴,ขวดโลชั่น
🧷,เข็มกลัดซ่อนปลาย
🧹,ไม้กวาด
🧺,ตะกร้า
🧻,กระดาษชำระ
🪣,ถัง
🧼,สบู่
🪥,แปรงสีฟัน
🧽,ฟองน้ำ
🧯,ที่ดับเพลิง
🛒,รถเข็น
🚬,ป้ายสูบบุหรี่
⚰,โลงศพ
🪦,แผ่นหินจารึก
⚱,โกศกระดูก
🗿,รูปปั้นโมไอ
🪧,ป้ายประกาศ
🏧,เอทีเอ็ม
🚮,ทิ้งขยะให้ลงถัง
🚰,น้ำดื่ม
♿,รถเข็นผู้ป่วย
🚹,ห้องน้ำชาย
🚺,ห้องน้ำหญิง
🚻,ห้องน้ำ
🚼,ป้ายทารก
🚾,ป้ายห้องน้ำ
🛂,ตรวจพาสปอร์ต
🛃,ศุลกากร
🛄,รับสัมภาระ
🛅,บริการฝากกระเป๋า
⚠,ป้ายระวัง
🚸,เด็กๆ ข้ามถนน
⛔,ป้ายห้ามเข้า
🚫,ป้ายหวงห้าม
🚳,ห้ามจักรยาน
🚭,ป้ายห้ามสูบบุหรี่
🚯,ห้ามทิ้งขยะ
🚱,ห้ามดื่มน้ำ
🚷,ห้ามคนเดินเท้า
📵,ห้ามใช้โทรศัพท์
🔞,ห้ามอายุต่ำกว่า 18 ปี
☢,กัมมันตรังสี
☣,เชื้อโรคอันตราย
⬆,ลูกศรชี้ขึ้น
↗,ลูกศรชี้มุมขวาบน
➡,ลูกศรชี้ไปทางขวา
↘,ลูกศรชี้มุมขวาล่าง
⬇,ลูกศรชี้ลง
↙,ลูกศรชี้มุุมซ้ายล่าง
⬅,ลูกศรชี้ไปทางซ้าย
↖,ลูกศรชี้มุมซ้ายบน
↕,ลูกศรชี้ขึ้นลง
↔,ลูกศรชี้ซ้ายขวา
↩,ลูกศรวนซ้าย
↪,ลูกศรวนขวา
⤴,ลูกศรโค้งขึ้น
⤵,ลูกศรโค้งลง
🔃,สัญลักษณ์โหลดซ้ำ
🔄,ลูกศรทวนเข็มนาฬิกา
🔙,กลับ
🔚,สิ้นสุด
🔛,เปิด
🔜,สัญลักษณ์เร็วๆ นี้
🔝,สัญลักษณ์บน
🛐,ที่บูชา
⚛,อะตอม
🕉,เครื่องหมายโอม
✡,สตาร์ออฟเดวิด
☸,ธรรมจักร
☯,หยินหยาง
✝,ไม้กางเขนละติน
☦,ไม้กางเขนออร์โธดอกซ์
☪,พระจันทร์เสี้ยวและดาว
☮,เครื่องหมายสันติภาพ
🕎,เชิงเทียน 7 กิ่ง
🔯,ดาว 6 แฉก
♈,ราศีเมษ
♉,ราศีพฤษภ
♊,ราศีเมถุน
♋,ราศีกรกฎ
♌,ราศีสิงห์
♍,ราศีกันย์
♎,ราศีตุลย์
♏,ราศีพิจิก
♐,ราศีธนู
♑,ราศีมังกร
♒,ราศีกุมภ์
♓,ราศีมีน
⛎,กลุ่มดาวคนแบกงู
🔀,ลูกศรไขว้
🔁,เล่นซ้ำ
🔂,เล่นซ้ำเพลงเดียว
▶,เล่น
⏩,เร่งไปข้างหน้า
⏭,เล่นแทร็กถัดไป
⏯,เล่นหรือหยุดชั่วคราว
◀,ย้อนกลับ
⏪,ถอยกลับ
⏮,ปุ่มแทร็กก่อนหน้า
🔼,ปุ่มสามเหลี่ยมขึ้น
⏫,ลูกศรขึ้น
🔽,ปุ่มสามเหลี่ยมลง
⏬,ลูกศรลง
⏸,ปุ่มหยุุดชั่วคราว
⏹,ปุ่มหยุด
⏺,ปุ่มอัด
⏏,ปุ่มดีดออก
🎦,โรงภาพยนตร์
🔅,แสงสว่างน้อย
🔆,แสงสว่างมาก
📶,สัญญาณมือถือ
📳,โหมดสั่น
📴,ปิดมือถือ
♀,สัญลักษณ์เพศหญิง
♂,สัญลักษณ์เพศชาย
⚧,สัญลักษณ์คนข้ามเพศ
✖,คูณ
➕,บวก
➖,ลบ
➗,หาร
♾,ไม่มีที่สิ้นสุด
‼,เครื่องหมายอัศเจรีย์คู่
⁉,เครื่องหมายอัศเจรีย์และคำถาม
❓,เครื่องหมายคำถาม
❔,เครื่องหมายคำถามสีขาว
❕,เครื่องหมายอัศเจรีย์สีขาว
❗,เครื่องหมายอัศเจรีย์สีแดง
〰,เส้นคลื่น
💱,การแลกเปลี่ยนเงิน
💲,สัญลักษณ์ดอลลาร์
⚕,เครื่องหมายการแพทย์
♻,สัญลักษณ์รีไซเคิล
⚜,สัญลักษณ์ดอกลิลลี่
🔱,ฉมวก
📛,ป้ายชื่อ
🔰,สัญลักษณ์มือใหม่หัดขับ
⭕,วงกลมกลวงสีแดง
✅,ปุ่มเครื่องหมายถูก
☑,กล่องกาเครื่องหมายมีเครื่องหมายถูก
✔,เครื่องหมายถูก
❌,เครื่องหมายกากบาท
❎,ปุ่มเครื่องหมายกากบาท
➰,ห่วง
➿,ห่วง 2 รู
〽,เครื่องหมายเปลี่ยนท่อน
✳,ดอกจัน 8 ซี่
✴,ดาว 8 แฉก
❇,เปล่งประกาย
©,ลิขสิทธิ์
®,จดทะเบียน
™,เครื่องหมายการค้า
🔠,อักษรตัวพิมพ์ใหญ่
🔡,อักษรตัวพิมพ์เล็ก
🔢,หมายเลข
🔣,สัญลักษณ์
🔤,ตัวอักษรภาษาอังกฤษ
🅰,เลือดกรุ๊ปเอ
🆎,เลือดกรุ๊ปเอบี
🅱,เลือดกรุ๊ปบี
🆑,ลบข้อมูล
🆒,เย็น
🆓,ฟรี
ℹ,แหล่งข้อมูล
🆔,หมายเลขประจำตัว
Ⓜ,ตัวเอ็มในวงกลม
🆕,ใหม่
🆖,ปุ่มเอ็นจี
🅾,เลือดกรุ๊ปโอ
🆗,โอเค
🅿,ที่จอดรถ
🆘,ช่วยด้วย
🆙,ขึ้น
🆚,ต่อสู้กับ
🈁,ภาษาญี่ปุ่นคำว่า “ที่นี่”
🈂,ภาษาญี่ปุ่นคำว่า “ค่าบริการ”
🈷,ภาษาญี่ปุ่นคำว่า “จำนวนต่อเดือน”
🈶,ภาษาญี่ปุ่นคำว่า “คิดค่าใช้จ่าย”
🈯,ภาษาญี่ปุ่นคำว่า “จองแล้ว”
🉐,ภาษาญี่ปุ่นคำว่า “ราคาถูก”
🈹,ภาษาญี่ปุ่นคำว่า “ส่วนลด”
🈚,ภาษาญี่ปุ่นคำว่า “ไม่มี”
🈲,ภาษาญี่ปุ่นคำว่า “ห้าม”
🉑,ภาษาญี่ปุ่นคำว่า “ยอมรับได้”
🈸,ภาษาญี่ปุ่นคำว่า “ใบสมัคร”
🈴,ภาษาญี่ปุ่นคำว่า “ผ่าน”
🈳,ภาษาจีนว่างเปล่า
㊗,ภาษาญี่ปุ่นคำว่า “แสดงความยินดี”
㊙,ภาษาญี่ปุ่นคำว่า “ความลับ”
🈺,ภาษาญี่ปุ่นคำว่า “เปิดทำการ”
🈵,ภาษาญี่ปุ่นคำว่า “เต็ม”
🔴,วงกลมสีแดง
🟠,วงกลมสีส้ม
🟡,วงกลมสีเหลือง
🟢,วงกลมสีเขียว
🔵,วงกลมสีน้ำเงิน
🟣,วงกลมสีม่วง
🟤,วงกลมสีน้ำตาล
⚫,วงกลมสีดำ
⚪,วงกลมสีขาว
🟥,สี่เหลี่ยมสีแดง
🟧,สี่เหลี่ยมสีส้ม
🟨,สี่เหลี่ยมสีเหลือง
🟩,สี่เหลี่ยมสีเขียว
🟦,สี่เหลี่ยมสีน้ำเงิน
🟪,สี่เหลี่ยมสีม่วง
🟫,สี่เหลี่ยมสีน้ำตาล
⬛,สี่เหลี่ยมใหญ่สีดำ
⬜,สี่เหลี่ยมใหญ่สีขาว
◼,สี่เหลี่ยมขนาดกลางสีดำ
◻,สี่เหลี่ยมขนาดกลางสีขาว
◾,สี่เหลี่ยมเล็กปานกลางสีดำ
◽,สี่เหลี่ยมเล็กปานกลางสีขาว
▪,สี่เหลี่ยมเล็กสีดำ
▫,สี่เหลี่ยมเล็กสีขาว
🔶,เพชรใหญ่สีส้ม
🔷,เพชรใหญ่สีน้ำเงิน
🔸,เพชรเล็กสีส้ม
🔹,เพชรเล็กสีน้ำเงิน
🔺,สามเหลี่ยมหงายสีแดง
🔻,สามเหลี่ยมคว่ำสีแดง
💠,ข้าวหลามตัดมีจุดตรงกลาง
🔘,ปุ่มวิทยุ
🔳,ปุ่มสี่เหลี่ยมขอบขาว
🔲,ปุ่มสี่เหลี่ยมขอบดำ
🏁,ธงตราหมากรุก
🚩,ธงปักตำแหน่ง
🎌,ธงไขว้
🏴,ธงดำ
🏳,ธงขาว
🇦🇨,ธง: เกาะแอสเซนชัน
🇦🇩,ธง: อันดอร์รา
🇦🇪,ธง: สหรัฐอาหรับเอมิเรตส์
🇦🇫,ธง: อัฟกานิสถาน
🇦🇬,ธง: แอนติกาและบาร์บูดา
🇦🇮,ธง: แองกวิลลา
🇦🇱,ธง: แอลเบเนีย
🇦🇲,ธง: อาร์เมเนีย
🇦🇴,ธง: แองโกลา
🇦🇶,ธง: แอนตาร์กติกา
🇦🇷,ธง: อาร์เจนตินา
🇦🇸,ธง: อเมริกันซามัว
🇦🇹,ธง: ออสเตรีย
🇦🇺,ธง: ออสเตรเลีย
🇦🇼,ธง: อารูบา
🇦🇽,ธง: หมู่เกาะโอลันด์
🇦🇿,ธง: อาเซอร์ไบจาน
🇧🇦,ธง: บอสเนียและเฮอร์เซโกวีนา
🇧🇧,ธง: บาร์เบโดส
🇧🇩,ธง: บังกลาเทศ
🇧🇪,ธง: เบลเยียม
🇧🇫,ธง: บูร์กินาฟาโซ
🇧🇬,ธง: บัลแกเรีย
🇧🇭,ธง: บาห์เรน
🇧🇮,ธง: บุรุนดี
🇧🇯,ธง: เบนิน
🇧🇱,ธง: เซนต์บาร์เธเลมี
🇧🇲,ธง: เบอร์มิวดา
🇧🇳,ธง: บรูไน
🇧🇴,ธง: โบลิเวีย
🇧🇶,ธง: เนเธอร์แลนด์แคริบเบียน
🇧🇷,ธง: บราซิล
🇧🇸,ธง: บาฮามาส
🇧🇹,ธง: ภูฏาน
🇧🇻,ธง: เกาะบูเว
🇧🇼,ธง: บอตสวานา
🇧🇾,ธง: เบลารุส
🇧🇿,ธง: เบลีซ
🇨🇦,ธง: แคนาดา
🇨🇨,ธง: หมู่เกาะโคโคส (คีลิง)
🇨🇩,ธง: คองโก - กินชาซา
🇨🇫,ธง: สาธารณรัฐแอฟริกากลาง
🇨🇬,ธง: คองโก - บราซซาวิล
🇨🇭,ธง: สวิตเซอร์แลนด์
🇨🇮,ธง: โกตดิวัวร์
🇨🇰,ธง: หมู่เกาะคุก
🇨🇱,ธง: ชิลี
🇨🇲,ธง: แคเมอรูน
🇨🇳,ธง: จีน
🇨🇴,ธง: โคลอมเบีย
🇨🇵,ธง: เกาะคลิปเปอร์ตัน
🇨🇷,ธง: คอสตาริกา
🇨🇺,ธง: คิวบา
🇨🇻,ธง: เคปเวิร์ด
🇨🇼,ธง: คูราเซา
🇨🇽,ธง: เกาะคริสต์มาส
🇨🇾,ธง: ไซปรัส
🇨🇿,ธง: เช็ก
🇩🇪,ธง: เยอรมนี
🇩🇬,ธง: ดิเอโกการ์เซีย
🇩🇯,ธง: จิบูตี
🇩🇰,ธง: เดนมาร์ก
🇩🇲,ธง: โดมินิกา
🇩🇴,ธง: สาธารณรัฐโดมินิกัน
🇩🇿,ธง: แอลจีเรีย
🇪🇦,ธง: เซวตาและเมลียา
🇪🇨,ธง: เอกวาดอร์
🇪🇪,ธง: เอสโตเนีย
🇪🇬,ธง: อียิปต์
🇪🇭,ธง: ซาฮาราตะวันตก
🇪🇷,ธง: เอริเทรีย
🇪🇸,ธง: สเปน
🇪🇹,ธง: เอธิโอเปีย
🇪🇺,ธง: สหภาพยุโรป
🇫🇮,ธง: ฟินแลนด์
🇫🇯,ธง: ฟิจิ
🇫🇰,ธง: หมู่เกาะฟอล์กแลนด์
🇫🇲,ธง: ไมโครนีเซีย
🇫🇴,ธง: หมู่เกาะแฟโร
🇫🇷,ธง: ฝรั่งเศส
🇬🇦,ธง: กาบอง
🇬🇧,ธง: สหราชอาณาจักร
🇬🇩,ธง: เกรเนดา
🇬🇪,ธง: จอร์เจีย
🇬🇫,ธง: เฟรนช์เกียนา
🇬🇬,ธง: เกิร์นซีย์
🇬🇭,ธง: กานา
🇬🇮,ธง: ยิบรอลตาร์
🇬🇱,ธง: กรีนแลนด์
🇬🇲,ธง: แกมเบีย
🇬🇳,ธง: กินี
🇬🇵,ธง: กวาเดอลูป
🇬🇶,ธง: อิเควทอเรียลกินี
🇬🇷,ธง: กรีซ
🇬🇸,ธง: เกาะเซาท์จอร์เจียและหมู่เกาะเซาท์แซนด์วิช
🇬🇹,ธง: กัวเตมาลา
🇬🇺,ธง: กวม
🇬🇼,ธง: กินี-บิสเซา
🇬🇾,ธง: กายอานา
🇭🇰,ธง: เขตปกครองพิเศษฮ่องกงแห่งสาธารณรัฐประชาชนจีน
🇭🇲,ธง: เกาะเฮิร์ดและหมู่เกาะแมกดอนัลด์
🇭🇳,ธง: ฮอนดูรัส
🇭🇷,ธง: โครเอเชีย
🇭🇹,ธง: เฮติ
🇭🇺,ธง: ฮังการี
🇮🇨,ธง: หมู่เกาะคานารี
🇮🇩,ธง: อินโดนีเซีย
🇮🇪,ธง: ไอร์แลนด์
🇮🇱,ธง: อิสราเอล
🇮🇲,ธง: เกาะแมน
🇮🇳,ธง: อินเดีย
🇮🇴,ธง: บริติชอินเดียนโอเชียนเทร์ริทอรี
🇮🇶,ธง: อิรัก
🇮🇷,ธง: อิหร่าน
🇮🇸,ธง: ไอซ์แลนด์
🇮🇹,ธง: อิตาลี
🇯🇪,ธง: เจอร์ซีย์
🇯🇲,ธง: จาเมกา
🇯🇴,ธง: จอร์แดน
🇯🇵,ธง: ญี่ปุ่น
🇰🇪,ธง: เคนยา
🇰🇬,ธง: คีร์กีซสถาน
🇰🇭,ธง: กัมพูชา
🇰🇮,ธง: คิริบาส
🇰🇲,ธง: คอโมโรส
🇰🇳,ธง: เซนต์คิตส์และเนวิส
🇰🇵,ธง: เกาหลีเหนือ
🇰🇷,ธง: เกาหลีใต้
🇰🇼,ธง: คูเวต
🇰🇾,ธง: หมู่เกาะเคย์แมน
🇰🇿,ธง: คาซัคสถาน
🇱🇦,ธง: ลาว
🇱🇧,ธง: เลบานอน
🇱🇨,ธง: เซนต์ลูเซีย
🇱🇮,ธง: ลิกเตนสไตน์
🇱🇰,ธง: ศรีลังกา
🇱🇷,ธง: ไลบีเรีย
🇱🇸,ธง: เลโซโท
🇱🇹,ธง: ลิทัวเนีย
🇱🇺,ธง: ลักเซมเบิร์ก
🇱🇻,ธง: ลัตเวีย
🇱🇾,ธง: ลิเบีย
🇲🇦,ธง: โมร็อกโก
🇲🇨,ธง: โมนาโก
🇲🇩,ธง: มอลโดวา
🇲🇪,ธง: มอนเตเนโกร
🇲🇫,ธง: เซนต์มาร์ติน
🇲🇬,ธง: มาดากัสการ์
🇲🇭,ธง: หมู่เกาะมาร์แชลล์
🇲🇰,ธง: มาซิโดเนียเหนือ
🇲🇱,ธง: มาลี
🇲🇲,ธง: เมียนมา (พม่า)
🇲🇳,ธง: มองโกเลีย
🇲🇴,ธง: เขตปกครองพิเศษมาเก๊าแห่งสาธารณรัฐประชาชนจีน
🇲🇵,ธง: หมู่เกาะนอร์เทิร์นมาเรียนา
🇲🇶,ธง: มาร์ตินีก
🇲🇷,ธง: มอริเตเนีย
🇲🇸,ธง: มอนต์เซอร์รัต
🇲🇹,ธง: มอลตา
🇲🇺,ธง: มอริเชียส
🇲🇻,ธง: มัลดีฟส์
🇲🇼,ธง: มาลาวี
🇲🇽,ธง: เม็กซิโก
🇲🇾,ธง: มาเลเซีย
🇲🇿,ธง: โมซัมบิก
🇳🇦,ธง: นามิเบีย
🇳🇨,ธง: นิวแคลิโดเนีย
🇳🇪,ธง: ไนเจอร์
🇳🇫,ธง: เกาะนอร์ฟอล์ก
🇳🇬,ธง: ไนจีเรีย
🇳🇮,ธง: นิการากัว
🇳🇱,ธง: เนเธอร์แลนด์
🇳🇴,ธง: นอร์เวย์
🇳🇵,ธง: เนปาล
🇳🇷,ธง: นาอูรู
🇳🇺,ธง: นีอูเอ
🇳🇿,ธง: นิวซีแลนด์
🇴🇲,ธง: โอมาน
🇵🇦,ธง: ปานามา
🇵🇪,ธง: เปรู
🇵🇫,ธง: เฟรนช์โปลินีเซีย
🇵🇬,ธง: ปาปัวนิวกินี
🇵🇭,ธง: ฟิลิปปินส์
🇵🇰,ธง: ปากีสถาน
🇵🇱,ธง: โปแลนด์
🇵🇲,ธง: แซงปีแยร์และมีเกอลง
🇵🇳,ธง: หมู่เกาะพิตแคร์น
🇵🇷,ธง: เปอร์โตริโก
🇵🇸,ธง: ดินแดนปาเลสไตน์
🇵🇹,ธง: โปรตุเกส
🇵🇼,ธง: ปาเลา
🇵🇾,ธง: ปารากวัย
🇶🇦,ธง: กาตาร์
🇷🇪,ธง: เรอูนียง
🇷🇴,ธง: โรมาเนีย
🇷🇸,ธง: เซอร์เบีย
🇷🇺,ธง: รัสเซีย
🇷🇼,ธง: รวันดา
🇸🇦,ธง: ซาอุดีอาระเบีย
🇸🇧,ธง: หมู่เกาะโซโลมอน
🇸🇨,ธง: เซเชลส์
🇸🇩,ธง: ซูดาน
🇸🇪,ธง: สวีเดน
🇸🇬,ธง: สิงคโปร์
🇸🇭,ธง: เซนต์เฮเลนา
🇸🇮,ธง: สโลวีเนีย
🇸🇯,ธง: สฟาลบาร์และยานไมเอน
🇸🇰,ธง: สโลวะเกีย
🇸🇱,ธง: เซียร์ราลีโอน
🇸🇲,ธง: ซานมาริโน
🇸🇳,ธง: เซเนกัล
🇸🇴,ธง: โซมาเลีย
🇸🇷,ธง: ซูรินาเม
🇸🇸,ธง: ซูดานใต้
🇸🇹,ธง: เซาตูเมและปรินซิปี
🇸🇻,ธง: เอลซัลวาดอร์
🇸🇽,ธง: ซินต์มาร์เทน
🇸🇾,ธง: ซีเรีย
🇸🇿,ธง: เอสวาตีนี
🇹🇦,ธง: ทริสตันดาคูนา
🇹🇨,ธง: หมู่เกาะเติกส์และหมู่เกาะเคคอส
🇹🇩,ธง: ชาด
🇹🇫,ธง: เฟรนช์เซาเทิร์นเทร์ริทอรีส์
🇹🇬,ธง: โตโก
🇹🇭,ธง: ไทย
🇹🇯,ธง: ทาจิกิสถาน
🇹🇰,ธง: โตเกเลา
🇹🇱,ธง: ติมอร์-เลสเต
🇹🇲,ธง: เติร์กเมนิสถาน
🇹🇳,ธง: ตูนิเซีย
🇹🇴,ธง: ตองกา
🇹🇷,ธง: ตุรกี
🇹🇹,ธง: ตรินิแดดและโตเบโก
🇹🇻,ธง: ตูวาลู
🇹🇼,ธง: ไต้หวัน
🇹🇿,ธง: แทนซาเนีย
🇺🇦,ธง: ยูเครน
🇺🇬,ธง: ยูกันดา
🇺🇲,ธง: หมู่เกาะรอบนอกของสหรัฐอเมริกา
🇺🇳,ธง: สหประชาชาติ
🇺🇸,ธง: สหรัฐอเมริกา
🇺🇾,ธง: อุรุกวัย
🇺🇿,ธง: อุซเบกิสถาน
🇻🇦,ธง: นครวาติกัน
🇻🇨,ธง: เซนต์วินเซนต์และเกรนาดีนส์
🇻🇪,ธง: เวเนซุเอลา
🇻🇬,ธง: หมู่เกาะบริติชเวอร์จิน
🇻🇮,ธง: หมู่เกาะเวอร์จินของสหรัฐอเมริกา
🇻🇳,ธง: เวียดนาม
🇻🇺,ธง: วานูอาตู
🇼🇫,ธง: วาลลิสและฟุตูนา
🇼🇸,ธง: ซามัว
🇽🇰,ธง: โคโซโว
🇾🇪,ธง: เยเมน
🇾🇹,ธง: มายอต
🇿🇦,ธง: แอฟริกาใต้
🇿🇲,ธง: แซมเบีย
🇿🇼,ธง: ซิมบับเว
🏴󠁧󠁢󠁥󠁮󠁧󠁿,ธง: อังกฤษ
🏴󠁧󠁢󠁳󠁣󠁴󠁿,ธง: สกอตแลนด์
🏴󠁧󠁢󠁷󠁬󠁳󠁿,ธง: เวลส์
