textDisplay,sentiment
ชอบกล้อง กับ ตัดต่อวีดีโอแค่นั้นแหละถ้าจะซื้อไอโฟนมาใช้,pos
จอใหญ่เกีนไปสำหรับผม ส่งให้หลานสาวเป็นของข้วญวันเกีดครบ 20 ปี.  ,neu
หน้าจอเอ่ย ,neu
กล้องหน้าไอโฟน13ติดเหลือง ,neu
จอยาวไม่กว้าง ,neu
@Prueg Srithiphan ใช้จอเดียวกัน แต่สี12 เหลืองครับ,neu
ลื่นทุกเกมส์ แต่เวลาถือเล่นหนักจิงแบตอึด  ชาร์จเรวพอได้ยุสันยาน เนต/wifi ,neu
ฟิล์มติดกล้องหลังจำเป็นต้องติดไหมครับ,neu
สำหรับผมกล้องหน้าเลยที่ไม่โอเค ,neg
เท่าที่ลองเล่นมา กล้อง iphone12 mini คมจริงๆ ,pos
10:00 ตอบให้เลยครับแบตเตอรี่ครับ ความร้อนกับแบตเตอรี่มีผลต่อการใช้งานครับ,neu
กล้องสวย ,pos
ถ้าไม่ติดว่าต้องiosไปs22utเลยครับงานถายวิดิโอพวกงานคอนผมว่าดีกว่า14ถ้าไม่ได้เน้นถ่ายเเบบเเอคชั่นโหมดอะไรอย่างนั้น ,pos
แต่ที่ประทับใจคือแบตอึดมากๆ,pos
หลายคนแบตก็ไปเร็วเพราะที่ชาจไม่ค่อยดี ,neg
กล้องสวยครับ ,pos
ใครเป็นบ้างคะ แบตหมดเร็ว12 promax,neu
แบตเตอรี่13Proอยู่ได้นานกว่า14ครับ ทั้งการสตรีมผ่านเน็ตและการเล่นเพลง 13Proอยู่ได้นานกว่า ,pos
ของผมซื้อมาใช้ได้2เดือนกำลังเล่นๆอยู่จอดับ ,neu
iPhone 12 Pro Max vs iPhone 13 เรื่องกล้องตัวไหนดีครับ,neu
"แต่3,000 ที่เพิ่มขึ้นที่จะเอา 12 pro max นั้น ยังมองว่า แล้วแต่ต้นทุนของตัวเรา ให้ใจเราเป็นตัวตัดสินครับ เรื่องกล้องไม่ใช่ปัญหาถ้าเราใช้ใจตัดสิน",neu
สำหรับคนชอบจอเล็ก ,neu
ชอบการสลับกล้องในคลิปนี้ให้ความรู้สึกแบบเหมือนใหม่ไม่ได้มุมตรงตลอดคลิป แต่ช่วงแรกๆตัดดูฉึบฉับไปหน่อย ,pos
บาง app เกาะบังหน้าจอการทำงาน,neu
โดยรวมแล้วชอบกล้อง13 pmมากกว่า รุ้สึก 14มืดๆตุ่นๆ ถ่ายกลางคืนยิ่งแล้วใหญ่อันนี้ความรู้สึกส่วนตัวน่ะ และi13 เล่นrov เฟรมเรทไม่ตกเลย ,pos
iosเวลาเล่นไปซักพักแสงหน้าจอมันdropเยอะไป แถมแบตก็น้อยด้วย ,neg
SE3 ถ้าใส่กล้อง13 หรือ12  รุ่นล่างของ13  ,neu
ถ้าเปรี่ยนแบต จากไอแคร์ แล้วจะใช้งานเหมือนเดิมเลยไหมครับ ตอนนี่ เบต้า77% ควรเปรี่ยนไหมครับ,neu
อย่างน้อยก็มีกล้อง 2 ตัว ,neu
บอกรักโลกแต่ไม่ยอมผลิตโทรศัพท์ที่ชาจแบตโดยไม่พึ่งสายชาจเครื่องก็ราคาแพงแต่ทําไมไม่ยอมแถมสายชาจให้คนซื้อ ,neg
เวลาถ่ายกล้องหน้า ,neu
นี่พูดถึงกล้อง 1x ธรรมดานะ ไม่ใช่ Raw File ด้วย ,neu
หนักว่าบาก เสยเลยครับ 14 plus แบตเยอะกว่า มั้ยครับ,neu
จอ AMOLED กับ OLED ,neu
ให้จอซัก90Hzก็ยังดีนะ แต่ก็นั่นแหละ,neu
ถูกกว่า iPhone 14 Pro Max 7-8 พัน3 จอสามารถดู HDR ได้4 อ๊อฟชั่นบางอย่างในตัว iPhone 14 Pro Max ก็ไม่ได้ใช้5 ,neu
"หลังจาก2-3ปีก็อืดแหละครับ จอเขียวนี้เจอมาแล้วด้วยเปลี่ยนจอ 6,000+ ",neg
ถ้าอนาคตมันทำแบตให้แบตเท่า 13pro เมื่อไหร่ ผมจะซื้อแบบไม่คิดเลยครับ555,neu
ซื้อ 13pm มาก่อนจะมีปัญหาจอเขียว ,neg
ซื้อ 11 มาครับ เพราะคิดว่า 12mini แบตน้อย ,neu
อีกจุดนึงที่ผมยังชอบอยู่คือ stabilization ของวีดีโอคือดีมากๆได้ทั้ง normal กับ wide ได้ฟีลน้องๆ hypersmooth ใน gopro เลย,pos
กล้องดี ,pos
อันนี้ที่ความเห็นส่วนตัวนะคะรส.ว่าแบตไม่ค่อยอึด ,neg
ดีทุกอย่าง แต่คิดถึงกล้องซัมซุงมาก ,pos
ถ้าแทบจะไม่มีอะไรต่างกับ14แล้วกล้องทำไมสวยกว่าละคะ,pos
ถ้าเปลี่ยนจากxs มา13ต่างกว่าเยอะครับทั้งกล้อง ทั้งชิพ ,neu
ถ้าจะซื้อไปเล่นเกมเอาตัวอื่นเถอะหน้าจอแค่ 5 นิ้วกว่ามันไม่เหมาะสมแล้วกับการเล่นเกมขนาดหน้าจอ 6.1 ยังคิดหนักเลยคิดให้ดีๆถ้าจะซื้อมาเล่นเกม,neg
มีปากกา จอใหญ่เต็มตาด้วย😊,pos
แบตโคตรอึด แต่เปิด 5g เครื่องอุ่นตลอดถ้าใส่เคสหนาไม่เหมาะจริงๆ ,pos
เพราะชอบใช้โทรศัพท์จอเล็ก,pos
มีวิธีไหนที่ทำให้แบตอยู่ได้นานๆบ้างมั้ยคะ,neu
แบตอึด,pos
มองจอไม่รู้เรื่อง ,neg
ไม่เน้นกล้อง ,neu
ชาร์จแบตครั้งแรกพอเต็ม 100% แล้วถอดออก(ตอนสี่ทุ่ม) จากนั้นไม่ได้ใช้งานเลย ,neg
ส่วนตัวชอบมือถือ จอประมาน 5 - 5.5นิ้ว ,pos
มีอาการกระตุกมั้ยคับ ของผมภาพโครตสั่นปวดตามาก 14 pro😢,neg
13 กล้องสวยจริงค่ะ จากใจคนเคยใช้แอนดอย เปลี่ยนมาใช้ไอโฟนครั้งแรก ,pos
จอชอบลั่นบ่อย,neg
หวังว่าไอโฟน 15 จะปรับปรุงทุกข้อเสียนะ โดยเฉพาะกล้องอ่ะ ถือซะว่าพึ่งเคยทำ48ล้่น แต่รุ่นถัดไปถ้าสกินยังห่วยอีกเตรียมด่าเลย555555555,neg
พาดพิงกล้องพานาโซนิคซะงั้น ,neg
ตอนนั้นแบต 13% ค่ะ อยู่ดีๆเครื่องหน้าจอก็ดับค่ะแต่มีเสียง ประมาณ 1-2 นาที ,neu
แบตยังเหลือ 81 วันนึงได้ยุ (เพราะไม่เล่นเกมส์) นี่ก็กำลังคิดๆยุว่า จะไป 11 pmหรือ 12 pm ดี ,neu
ใช้ 12pm มา8เดือน  สุขภาพแบตเหลือ90% ลงเร็วไปไหม??,neu
ขอ SE 2022 อีกสักคลิปหน่อยค่ะ เล่นrovได้สามตาแบตตุยแล้ว,neu
เลนส์กล้องหนาเตอะ ปูดน่าเกลียด ,neg
ไอโฟน ก็เหมือน อินเทลอ่ะแม่งกั๊กแบตมึงจะกั๊กไปไหนคราฟฟ,neg
ยังน่าใช้อยู่ครับ แบตอึดด้วย ,pos
รุ่น 11 ติดเรื่องหน้าจออย่างเดียวเลย ,neu
ไม่พูดมาก 14 Pro Max = กล้องSony  ,neu
ยังเจออยู่ วินเจด เปอร์เซนต์แบตเตอรี่ กับ ที่โชว์อยู่หน้าจอหลักไม่ตรงกันกล้องถ่ายสีแปลกๆ บางรอบ,neu
ขนาดหน้าจอยังไม่เคยปล่อยให้มีความมันและรอยนิ้วเลยด้วยซ้ำ ,neu
หน้าจอก็ลดแสงลงมานิดเดียว ,neu
สำหรับผม ผมใช้ไอโฟนเพราะกล้องครับ😅 ,neu
อยากซื้อ13pro max แต่กลัวจอเขียวจัง,neu
กล้องด้วยเวลาซูมบางทีก็มีแบบภาพแตก ,neg
ตอนแรกนึกว่าจะว้าวดูไปดูมาผมชอบจอเจาะรูของแอนดรอยมากกว่ารอiphone 15 type c  จอ120hz,pos
นี่ใช้มา 10 เดือนจะ 11 เดือนแล้วยังไม่เจอปัญหาอะไรแต่จะรอดูตอนหมดประกันว่าจะเจอไหม แต่ก็เตรียมรับมือไว้แล้วแหละครับถ้าไม่เจอจอเขียวถือว่าผมคือผู้โชคดี55555,neu
รูปโปรไฟล์คุณพี่ใช้รุ่นไหนถ่ายครับ โทษนะครับ ,neu
จำได้ว่าสุขภาพแบตมันเหลืออยู่87% แต่14pmใช้มา7เดือนตั่งแต่เปิดตัวมา ,neu
ลังเลอยู่ค่ะตอนนี้ ได้มาราคาเท่ากัน mini ใช้แล้วเป็นไงบ้างคะ แบตไหลมั้ย,neu
แบตเตอรี่อึด ,pos
แบตไหล ,neg
แบตหมดไว ,neg
ของแอนดรอยมีแค่รูกล้องด้านหน้าดูดีสุดแล้วไม่ขัดตา,pos
บางคนเลยอยากได้ iPhone SE 3 เค้าตัดสินใจเลยไม่เอา จอมันเล็ก ,neg
เป็นภาพเซลฟี่ที่มีน้องเลอ และ ปาร์คชานยอล ,neu
แล้วถ้าเปลี่ยนจอแล้วช่างเค้าเรื่องนี้ให้มั้ยครับ หรือก็รอมันเขียวรอบหน้าอยู่ดี ,neu
ผมชอบติ้งของ จอไอโฟนอ่ะมันดูหลูหรา5555,pos
ในเวอร์ชั่น15.4อยากรุ้แบตรี่นานแค่ไน  ,neu
ในมือถือ Android) รวมๆ ก็แฮปปี้กับจอ 120hz. -ขนาด กับน้ำหนัก ,pos
เวลาถ่ายรูปกลางแจ้งจอโดนลดแสงเครื่องร้อนไว,neg
แบตอึด ,pos
กล้องสวยกล้องดีสำหรับผมคือกล้องที่รายละเอียดครบ คมชัด ไม่หลอกตา คนขายของหรือถ่ายรูปส่งงานจะเลือกไอโฟน เพราะใกล้เคียงที่ตาเห็นมากที่สุด ,pos
@Thikam 14 ดูรีวิวกล้องเจ้าอื่น ๆ นะครับ ชอบอันไหนก็ใช้อันนั้นครับ สต ชอบ 13 โทนเหมือนแอนดรอย ชอบ สดใส ถ่ายลงได้เลย ,pos
วิดีโอถ้าซูมสุดกล้องก็ไม่ชัดวันก่อนเอาไปถ่ายตอนกลางคืนคนข้างๆใช้ซัมซุงไม่แน่ใจว่ารุ่นอะไรชัดม๊ากกกกกตัดภาพมาที่ของเราคือภาพแตกสุดๆรส.อยากเปลี่ยนใหม่ ,neg
เช่นเปิด 5G เล่นแบตสูบเยอะมาก และความร้อนสำหรับคนเล่นเกมอาจจะไม่ถูกใจสักเท่าไรสำหรับบ้างคน  ,neg
"ชอบจอขนาด5""นิ้ว",pos
ขาย14pmเพราะรู้สึกว่าแบตน้อยกว่า13pm +กล้องด้วย,neg
เรื่องกล้อง ,neu
ชอบความเป็นหน้าจอตรงบากไอโฟน12pmที่ค่ายอื่นเลียนแบบไม่เหมือนตรงบากหน้าตอ ,neg
โดยส่วนตัวคิดว่าที่เพิ่มมาจะมีอยู่เพียง จอ night mode และ 5Gรอซัก13 14เผื่อมีลุ้นจอ 90-120 hz ,neu
ภาพแข็ง เป็นหิน ไปขุดผิวมาจากไหนก่อนส่องกระจกยังไม่ดำเท่านี้อะครับ ,neg
ถ้าไอโฟน14รุ่นเล็กจอ120hzจะเป็นยังไงนะแล้วก็เปลี่ยนไทc,neu
มีใครรู้สึกไหมว่าการ ถ่ายรูป วิดีโอ xs จะสมูทกว่า ทั้งสี ภาพ ,neg
เปลืองแบตน้อยที่สุด ,pos
ปล.ตอนไปเช็คศุนย์คนพังเยอะมากคนก่อนหน้าที่รอคิวจอเขียวไปแล้วสามคน ,neg
แต่เรื่องแบต 13 pro กินขาดเลยจริงๆค่ะ   นี่ถ้าเป็นpro max คงจะโครตอึดเลย  ,pos
ศูนย์เดียวกัน แต่เปอร์เซ็นต์แบตผมลงไปเหลือ ,neu
ตอนถ่ายวีดีโอ 4k ภาพและเสียงขัดเเจ๋วมากเลยครับ,pos
พอเป็นออโต้โฟกัสแล้วการเปลี่ยนโฟกัสของตัวกล้อง ,neu
​@Menmen Pootra ไม่รู้ว่าเคยใช้ไหมแต่ตอนนี้ s10 plus  ยังลื่นงานกล้องและวิดีโอยังดีภาพสวยอยู่เลยแถมเล่นเกมยังสบายใครบอกแอนดอยมีปัญหาใช้ไปนานๆไม่จริงเลย ,pos
ตอนนี้กำลังจะซื้อไอโฟน13มือสอง แต่มีตำหนิตรงหน้าจอร้าวนิดหน่อยบนมุมซ้าย ,neu
ไอโฟน13มินิสเป็กเดียวกับไอโฟน13เลยคับแค่ลดแบตกับขนาดคับ😁,neu
สุขภาพแบตเตอรี่ใช้มาแล้ว 6 เดือนกว่าๆ อยู่ที่ 100% ยังไม่ลด (ตอนใช้ 12pm ใช้ไปซัก 6 เดือน ,neu
จอดี แต่เทียบแอนดรอยแล้วยังสู้ไม่ได้ ,neg
เรื่องคุณภาพ..ไม่เป็นรองใครแน่นอน..แต่เรื่องหน้าจอ ก็ยังมีรอยบากหน้าเกลียดอยู่ดีสำหรับราคาขนาดนี้..เชื่อว่าต้องออกหน้าจอไม่แหว่งมาจนได้..เมื่อนั้นจะไม่มีที่ติเลย,pos
%แบตหายไป 4 เหลือ 96 จนเปลี่ยนมาใช้ของ ZMI ก็ไม่เจอปัญหาอะไรใช้งานได้ปกติ % ไม่ลด4.ผมว่าอึด (มากๆ) ,neg
ทรงกล้องดูแปลกแหวกแนวกว่ารุ่นอื่นดี😂 รวมๆแล้วมีเสน่ห์เหลือเกิน,pos
กล้องชัด ,pos
แบตอึดกว่า 12 อีก ,pos
อยากใช้13 Pro Max แต่มันมีปัญหาจอเขียวเลยยังไม่ซื้อรอ15 Pro Max แทน,neu
ตอนนี้สแกนหน้าผ่านแมสได้ คือสะดวก แบตก็เท่า12Pro จอก็ตัวเดียวกัน ,pos
6โมงเช้า-เที่ยงคืน เหลือแบต60%,neu
ไตเติ้ล มันส์ ดีมินิ แบต น้อย เห็นด้วยเอา 13 ดีกว่าครับ,pos
ส่วนกล้องก็ชอบนะ ,pos
จอเริสๆ ,pos
อยากให้คุณอู๋รีวิวกล้อง 13 mini vs รุ่น14 ค่ะ555,neu
แล้วหน้าจอมันแยกไม่ได้ ,neu
ผมชอบกน้าจอประมาน5.1,pos
แค่มันใส่จอ 90Hz มา ,neu
กล้องนูนมากเกี่ยวนั่นนี่ 14 ธรรมดาคือ เบา ถือสะดวกกว่าเยอะเวลาแชตมือเดียว ,pos
สัญญาณอีกซิมหายบ้างบัค standby เฉยๆแล้วแบตไหล ,neg
ถ้าไม่เน้นจอใหญ่ ,neu
เขาให้ความสำคัญกับความสมจริงและเรื่องราวในภาพ ,pos
รู้สึกว่า   มันต่างกันนะ ความสว่างจอ 13สว่างกว่า แบตอึดกว่าเยอะ ,pos
ดีใจจังมีคนใช้13pmมาเม้น เรื่องจอเขียวขาวก็ไม่ใช่ปัญหาแล้ว ,pos
ควรติดฟิล์มเลนส์กล้องกับฟิล์มข้างหลังมั้ยครับรบกวนตอบหน่อยนะครับอยากรู้จริงๆ ,neu
เรายอมขาย13pm  เพื่อจะกลับมา 12pm เพราะกังวลเรื่องจอเขียว ,neg
แล้วผมเป็นคนที่ชินกับจอ120hzไปแล้ว ,neu
ครับ แบตก็ดีกว่าเเน่นอน,pos
ประกันหมด10วัน จอเขียว ไปiservice บอกประกันหมดทำใจ ,neu
13 แบตไม่ค่อยไหลตอนเปิด5g แค่นั้นมั้งครับ,neu
"สะดวก ""แต่ไม่เวิร์ค"" จอเบิร์นตรงจุดนั้นค่อยข้างไว ",neg
สุขภาพแบตเตอรี่เหลืออยู่ 92% ปาดน้ำตาาา ,neu
อยากได้ค่ะเพราะ iPhone 13pro ตกกล้องแตกง่าย,pos
ภาพสวยมาก,pos
ตอนนี้เป็นไงบ้างคับ ว่าจะซื้ออยู่ เห็น เป็นจอเขียวกันเยอะเลย,neu
เป็น13 หรือ 13Pro แบบไหนคุ้มกว่าหรอคะ กะใช้ยาวๆสัก5ปี ใช้งานทั่วๆไปไม่ค่อยได้ถ่ายวีดีโออะไร,neu
จะมากสุดถ้าให้จอ 120hz มาด้วย เลยมอง 13promax มือสองแทน ,neu
ทำถ่ายตัดต่อยูทูป ได้อยุ่เลยน้อนๆ,pos
ส่วนตัว ชอบiphone 14 พลัสจ่ะ เพราะชอบที่ขนาดหน้าจอใหญ่ ,pos
ถ้าไม่ถ่าย Raw ต้องถ่ายแบบหลายๆภาพทีเดียวครับ (ดึงชัตเตอร์ค้างด้านซ้าย) ,neg
ผมยังไม่เคยใช้ iphone อยากหาเครื่องสำรองมาใช้ เห็นในสเปคเขียนว่า ios 9.3.2 ที่ผมเล็งตัวมันจอเล็ก4.0นิ้วน่ารักดี,pos
เล่น12 ชัวโมง เล่นแต่เฟสกับดูยูทูป แบตจะหมดมั้ยคับ,neu
กล้องมีเลนส์ซูม3x มีกล้องมาโค ,neu
รอบนี้จอแบบเจาะรูก็คงเช่นกัน ,neu
แต่ถ้าใครไม่มีปัญหาเรื่องเงินก็เต็มที่เลยค่ะเอาที่ตัวเองสบายใจ #ทีมจอเขียวววว!!! ,neu
อยากได้วิธีตั้งค่ากล้องค่ะ ,neu
กล้องชัดกว่าเหนือๆ  ,pos
เสริมให้ครับ ถ้ากดอัดหน้าจอ ,neu
มาเห็นตอนนี้ก็ไม่ทันแล้วผมเพิ่งจัดi11 สีเขียวมาวันนี้เลยแต่พอดูจบก๘็อยากได้11นั่นแหละครับ55555555เรามันสายเล่นเกมจอมัน300ppiขึ้นไปก็แทบแยกไม่ออกแล้ว#พูดปลอบใจตัวเอง,neu
ใครที่ซื้อiphone13ธรรมดาอยากสอบถามหน่อยนะครับมีใครเป็นจอเขียวบ้างครับ,neu
ขอสอบถามเรื่อง iphone13mini ได้มั้ยคะคือว่า 1)ตรงข้างๆกล้องหน้าจะมีคล้ายๆรูอยู่ 3 รู อันนั้นมีหน้าที่อะไรบ้างเหรอคะ 2)แล้วเวลาติดฟิล์มจะติดทับส่วนนั้นรึเปล่าคะ 3)ถ้าติดฟิล์มทับจะเป็นอะไรรึเปล่าคะ 🥺,neu
แบตเตอรี่ต่างกันไหมครับ,neu
ฟีฟายยิ่งหนักเลยครับ😂กดโดนกล้องตลอดเลยยังม่ชิน,neu
เครื่องร้อนมากแต่ภาพสวยวีโอสวยฉบับไอโฟน รวมๆ ถือว่าดีครับ,pos
ไร้รูกล้องแล้วไม่อยากเปลี่ยนไปใช้รุ่นไหนอีกเลย ,pos
สมัยนี้หน้าจอควรจะขั้นต่ำ90FPSนะ ต่อให้เป็นตัวต่ำก็เถอะ,neg
ใจชอบแค่โปร แต่แบตต่อวันมันไม่พออ้ะ 55,neg
เฟรมเรทตก จอดรอปแสง ,neg
ซื้อip11ตั้งแต่วันแรกๆบอกเลยคุ้มค่ากับราคาที่สุดตั้งแต่ใช้ip4sมาโดยเฉพาะเรื่องกล้องip12ทุกรุ่นยังไม่เคยลองแต่ไม่ชอบดีไซเดิมๆประสิทธิภาพก็แค่พัฒนาไปตามรุ่นส่วน5gรอhardwareพัฒนารองรับให้เสถียรอีกซักปี2ปีจะดีกว่าคนที่ควรเปลี่ยนคือตั้งแต่ip8ลงไปถ้าอยากอะนะ,pos
มันต่างมาก คือจอมันไวจริงๆพอไปจับจอไอโฟนที่เป็นไอโฟน12ธรรมดา คือรู้สึกว่ามันหน่วงมากกกเหมือนเครื่องค้างอะ แต่เราไปจับ14pm กับมาเทียบ13pm ของเรามันไม่ต่างจริงๆ ,neg
บัคดูยูทูปแล้วจอดำผมเจอบ่อยมากอ่ะ,neg
ส่งผลให้อายุแบตยาวนานขึ้นด้วย ,neu
ขนาดหน้าจอเฉยๆ ใช้Pro ,neu
iphone12mini เทียบกับจอไอ7 อะไรใหญ่กว่าคะ,neu
ตอนนี้สุขภาพแบตยัง 100% อยู่เลย ,neu
เวลาดูยูทูปแล้วมันก็ขึ้นหน้าจอดำเป็นอะไรที่หงุดหงิดมากต้องมานั่งปัดแอพแล้วเปิดใหม่มันเป็นอะไรที่เรารู้สึกว่าทำไมเราต้องมาหงุดหงิดกับเงินที่เราเสียไปเงินนี้เราอาจจะไปซื้อแอนดรอยที่คุ้มค่าได้สักเครื่องถ้ารู้อย่างนี้เราน่าจะซื้อ13ไม่ก็รอ15ไปเลย😂,neg
@The Last Monky ผมส่งไปศูนย์ละครับ รอผลเคสจอพวกนี้ ต้องโทรไปที่ทางสิงค์โปรช่วยจริงๆครับ 5555,neu
ทั้งๆที่สุขภาพแบตเตอรี่81 ,neu
แล้วจะต้องพกจอยหนักๆ+ไอแพดใหญ่ๆหนักๆไปเพื่อ??? ,neg
แบตก็อึดกว่า   แต่ๆๆๆๆๆ. ,pos
เปลี่ยนจาก xs max มา 14 plusค่ะ แบตอึด รวมๆเราว่าก็โอเคร จะเปลี่ยนทั้งที่อยากได้genใหม่ค่ะถึงข้างในจะ13 แต่ 14ก็คือ14 ค่ะ😊,pos
สภาพแบต 3 เดือนมันไม่ต่างจากเครื่องใหม่นะครับ แล้ว SE แบตก้อนเล็ก ,neu
"Redmagic 8 Pro , Rog phone 7 ครับ ดูรีวิวต่างชาติมาละตบgenshinยับๆปรับสุด60fpsนิ่งๆขนาดอัดหน้าจอนะ",neu
ส่วนตัวคิดว่าเรื่องกล้องยังไง 14pm ก็ชนะอยู่แล้ว ,pos
ราคาเปลี่ยนจอประมาณ15000 ,neu
14pm แบตหมดเร็วกว่า 13pm จริงครับบบ,neg
ยิ่งอัป ios ใหม่ๆกล้องยิ่งปรับแต่งภาพเหมือนแอนดอรย์ โดยเฉพาะโหมดกลางคืนพยายามดึงรายละเอียดจนภาพแข็งมาก ,neg
แบตอึดขึ้น,pos
4:00 ผมใช้ iphone 13 กับ android ราคา 6 พัน จอ 60 hz ของ iphone อัตรา refresh rate สู้จอที่กระจอกที่สุดของ android 120hz ไม่ได้ครับแต่เรื่องความคมชัด สีสัน ผมให้ iphone ดีกว่าครับ ,neg
แบตเหลือ82%,neu
iPhone 12 แบตอึดมั้ยคะ,neu
ถ้า12 ใช้5G แบตไหลเกิน ชิปModem 5G ของ 12 เก่ามาก snap x55 แต่ของตัว 13 snap x60 ,neu
ทำไมไม่ค่อยมีใครพูดถึงเรื่องแบตเตอรี่ของไอโฟน ,neu
แคปหน้าจอแล้วติดเกาะนี่ เพราะเขาออกแบบมาให้คนชอบอวดหรือเปล่าครับ ,neu
ดีมากเลยคับเครื่องนํ้าหนักเบามากกล้องยังถือว่าสวยมากจอ60กับ120ไม่ได้ต่างกันขนาดนั้นละกันสั้นได้ดีจิงๆนิ่งมากกมีแอคชั่นโหมดอีก เล่นเกมลื่นปรับสุดได้ ,pos
แบตiPhone 12อยู่ได้นานไหมครับส่วนมากเล่นเฟซบุ๊กกับไลน์และเกมดัมมี่นิดหน่อย,neu
กล้องสวย ,pos
แฟนผมก้อใช้  ไอโฟน 13  ผมสงสัยจังครับ  ทำไมสีจอมันจืดมากครับ ,neg
จอใหญ่,neu
กล้องสวยเทียบๆกับ12pmเลย ได้5g เล่นเกมลื่นกว่าแน่นอน ,pos
เเต่โทนภาพดีกว่า ,pos
แต่ถ้าชอบจอใหญ่อาจจะเลือก11pmค่ะ ,neu
ใช้งานดีครับปกติเหมือนเดิมเลยครับยังไม่เจอปัญหาอะไรนะครับสุขภาพแบตลดลงไปมากแต่ยังใช้งานได้ดีครับ,pos
ผมเคยซื้อมาเดิอนเดียวร่วงจอแตกยับ ,neu
15000คุ้มนะผมว่าค่ายแอนดรอยบางค่ายยังไม่ได้กันน้ำกันฝุ่นกล้องอัลตร้าไวด์บางค่ายยังได้ความละเอียดแค่8ล้านกล้องหน้าวิดีโอยังถ่าย4Kไม่ได้ตัวท็อปบางค่ายยังถ่ายวิดีโอ4Kไม่ได้เลย,neu
สำหรับผมเล่นเกมใน14pmไม่ค่อยบ่อยเลยน่าจะไม่เคยเจอปัญหานะครับ แต่ไม่ค่อยชอบสีเวลาถ่ายออกมาอะครับมันปรับสีดูยังไงไม่รู้,neg
ส่วนตัวไม่ใช่สายถ่ายPro raw ที่ต้องขยับมาเพื่อเอาเลนส์ที่3เลย  ,neu
เลือก13pro max มือ2คับถูกกว่าดีกว่าจอใหญุ่กว่า,pos
เช่นเรื่องกล้อง วัสดุ หน้าจอ ตั่งต่าง ,neu
ตอนนี้​ปัญหาไอโฟน13หน้าจอม่วงครับ​ ,neg
ในมุมมองของผม iPhone 14 เรื่องหน้าจอ ,neu
ตาย วางขนาดหน้าจอคนละกลุ่มลูกค้า แต่กั๊กแรม ในตัว pro อีก ไม่เคยทำอะไรสุดๆ เลย,neg
ภาพมันปรับแสงได้ห่วยมากๆๆๆๆๆๆๆ ,neg
ก่อนจะซื้อใช้7plusมา4-5ปีแล้วคับตกรุ่นแล้วเรียบร้อยกระตุกเยอะเครื่องร้อนมากๆยิ่งถ้าตอนคอลวีดีโอค้างแอปเด้งตลอดออกไปข้างนอกต้องพกพาวเวอแบงตลอดแปปๆหมดชาตวันนึงไม่ตํ่ากว่า5รอบ,neg
แบตไหลเป็นน้ำเลย😂,neg
ใช้มาจะอาทิตย์ งง ว่าทำไมวีดีโอเป็นคลื่นๆ เหมือนสั่นๆ มือนิ่งแล้ว ตอนแพนกล้องเห็นเป็นคลื่นๆเลย,neg
มีอยู่มุมหนึ่งที่ลากไม่ได้เหมือนจอเสีย ไปใช้เครื่องเพื่อนเป็นเหมือนกัน ,neg
ios16บัคจริงอยู่ดีๆแบตไหลงงมากอะไรไม่รู้,neg
คิดว่าจอกับแบตต่างกันแค่นั้น,neu
ลองเอาของเพื่อนมาถ่ายเทียบพร้อมกัน คือเสียใจมากอะ ,neg
จอมีบากบะเร่อไม่พัฒนาเลย ,neg
i15 ถ้าไม่ให้จอ 120hz หรือ 90 ในรุ่นเริ่มต้น ,neu
บวกกับสุขภาพแบตที่แย่ลงเรื่อยๆ ,neg
ใครมีความรู้แนะนำมือถือกล้องหน้าสวยๆให้หน่อยสิคะ🙏🙏🙏🙏,neu
ทำไมแบตมันน้อยกว่าซีรีส์11,neu
เราจะอดทนรอรุ่นที่จอไม่มีหน้าม้า,neu
นำเงินส่วนต่างจาก13กับ14ไปซื้ออุปกรณ์เสริมน่าจะดีกว่าสำหรับผมแบตxrว่าอึดแล้ว 13อึดกว่าคุ้มครับ4ปีเปลี่ยน,pos
"โดยปกติiphone ก่อนหน้านี้ทุกรุ่นจะแกะเปิดได้จากจอด้านหน้าแต่ iphone 14 ถูกออกแบบโครงอลูมิเนียมใหม่ทำให้จะสามารถถอดเปลี่ยนฝากกระจกด้านหลังเพื่อเข้าสู่บริเวณที่เป็นแบตเตอรี่และฮาร์ทแวร์ภายใน, ตัวbackplate glass จึงสามารถถูกเปลี่ยนหรือซ่อมด้วยตัวเองได้ง่ายขึ้น ",neu
ใส่แบต1850ได้2ก้อน ,neu
ไม่เน้นกล้อง Tele Lidar  13 ดีกว่าครับ  ,pos
11 pro max ครับกล้องโหด กว่า ครบเครื่องกว่า ,pos
@กวิน บินสุดเบสิค(motorcycle lll) ตอนนี้จอเขียวไหมครับ🤣🤣,neu
หัวซีมันมีมือถือบางรุ่นกากครับ.ผมใช้ SS M51 มา3ปีช่องชาร์จยังไม่หลวมเลยทั้งที่เสียบชาร์จวันล่ะ 3-5 ครั้ง.จอเปียกน้ำก็ทัชได้ปกติเลยทั้งที่ไม่ใช่มือถือกันน้ำ.ส่วน SS A52s ใช้ได้ปีกว่าช่องชาร์จหลวมล่ะ.แถมหน้าจอชื้นน้ำนิดหน่อยทัชเพี้ยนมั่วไปหมดทั้งที่เป็นมือถือกันน้ำ.ถ้าช่องชาร์จเปียกนี่รอไปเลยเกือบ24ชั่วโมงถึงชาร์จได้.คือแม่งขายแต่สเปคจริงๆคุณภาพไก่กามาก,neg
ถ้าจะเอาโทรศัพท์ไว้ถ่ายวิดีโอ ลงYoutube ,neu
13pro/pro max เวลาจอนิ่งๆ จะทำงานอยู่ที่ 10Hz ,neu
ตัดสินใจสั่งซื้อไอ13มา สนใจแค่กล้องดีขึ้น ,pos
ดูรูปแล้วไม่ตรงเหมือนในกล้อง ,neg
@Keng Kiti ทุกวันนี้เห็นผลเทสออกมาก็ไม่เห็นว่าจะมีตัวไหนล้าหลังชาวบ้านนะครับทั้งจอ แบต กล้อง ชิป os มันก็ทั้งเครื่องละ  บางอย่างก็นำชาวบ้านไปพอตัว ,pos
@Jeng sri Sri ถ้าถ่ายย้อนแสง iphone ดีกว่าไหมครับ,neu
ถ้ามันจอเล็กขนาดนี้ ก็คงเหมาะกับคนที่ไม่ได้อะไรมากกับหน้าจอ ,neu
ช่วงนี้pubgmเยอะ แบตจาก100% ,neu
จอสวย,pos
เพราะแบตใกล้จะหมด FPS เลย ,neu
อยู่ดีๆก็ฟลิบกล้องให้เราเลย ,neg
ฟิวเจอร์อะไรครับที่ชาร์จแบตไปแล้วถนอมแบตได้ครับ,neu
เวลาใช้ 14pm ถ่ายมาเป็น Raw แล้วเอาไปแต่งครับ ,neu
หน้าจอกระตุก ลดแสงลงจนมองอะไรแทบไม่เห็น เล่นเกมส์ได้ 2-3 เกมส์ เฟรมเรทตก กระตุก จอลดแสง ,neg
จะมีแอพที่ชื่อว่า Floating screen ครับเอาไว้วัดค่าหน้าจอ Hz ใน iphoneสำหรับรุ่น 14pro/pro max ตอนจอนิ่งๆจะวิ่งอยู่ที่ 60Hz ,neu
ยิ่งถ่าย RAWได้อีก,neu
ถ่ายติ้กต้อกให้ดูหน่อยค่ะ,neu
เลือกiphone 13 proครับiphone 14ผมว่าไม่เปลี่ยนอะไรเลยชิปเก่าไม่เป็นไรแต่ขอจอ120hz เหมือนตัว pro pro maxได้ไหมราคาแพงไม่เปลี่ยนอะไรเลย,neu
ชอบกล้อง ,pos
จอใหญ่ขึ้น เล่นเกมลื่นขึ้น ,pos
ถ่ายวัดศรีเอียมซะด้วย ,neu
ผมดูหนังบน Netflix มันก็ได้ 24fps จอ120 ,neu
ถ้าเน้นกล้อง 14pm ,neu
ส่วนตัวผมใช้ 14 pm มาตั้งแต่ขายรอบแรก 1.เวลาเล่นเกมในแนวนอน นิ้วมันติดกล้อง3ตารำคาญมาก ,neg
เจอบั๊ค Youtube จอดำเหมือนกันครับ,neg
มันจอเขียวไหมครับ,neu
@Snooker Marina เทิน13proไปเลยครับ ได้ชิบ15ด้วยเเบตทนมาก5Gใช้ได้จริงกล้องสวยชัดมากตอนกลางคืน ,pos
ผมชอบจอเล็กๆคับ. ,pos
iphone 12 promax มี fingerprint scan เวลาปลดล็อคหน้าจอมั้ยคะ,neu
แบตถึงไหลขนาดนั้น 555 ,neu
ไอโฟนขี้งกเคลื่องแบตจริงๆ,neg
ถ้าแบตจะหมดหายืมใครยากมาก ,neg
เราถ่ายไทม์แลปแล้วมันกระตุกค่ะ ,neg
ถ้าไม่มีเรื่องจอเขียวมา ก็คงเลือกไม่ยากค่ะ ฮือ 😖😖,neg
ลองเล่นมือถึอเพื่อน จอไอโฟน14คือสวยมากกก ถึงจะเป็นแค่OLEDก็ตาม ,pos
ส่วนตัวติดความอยากได้จอแบบใหม่ฟิลเจอร์ใหม่ ,neu
ภาพสวยดี แต่ชอบโหมดกลางคืนกับกันสั่นรุ่นใหม่ๆมากกว่า ตามกาลเวลาอะเนาะ,pos
ดู youtube จอดำครับ,neg
ขอบๆจอ ,neu
ถ้ากลถ่ายวิดีโอเยอะๆเล่นเกมเยอะๆ ,neu
คืออยากจะรอดูไอ14มากกว่า เพราะเรื่องแสกนหน้ากับหน้าจอเราอยากลองดูมากกว่าว่า14จะหน้าจอ120 hzไหม ,neu
ชอบสลับตัวกล้อง ,neg
แบตหมดไวมากครับ ,neg
เพราะกล้องมันสดไปแต่งรูปไม่เก่ง ,neg
หลายๆอย่าง เช่น จอ 120 hz กับ usb-c ค่ายอื่นให้มาตั้งหลายปีแล้ว,neu
เดี๊ยวก็จอเขียวแล้วครับ ,neu
อยากให้เปลี่ยนอัตราส่วนวิดีโอครับ เวลาขยายจอในไอโฟน ,neu
สำหรับใครอยากตามไปถ่ายที่นั้นตามพี่ตั้ม นั้นคือปราสาทเมืองสิงห์ครับ,neu
สรุป 14 ไม่ต่างเลยกับ 13 ต่างแค่ความจุกับแรมและแบตเพิ่มขึ้นมานิดๆ แต่ cPU ความแรงเท่ากันสรุปใช้ 13 ต่อดีกว่านะ555555,pos
มีปัญหาแบตค้างที่ 80% เหมือนกันค่ะ ,neg
ขนาดผมพึ่งจัด 12 Pro  มือ 1 มา1 อาทิตย์ถือว่ามากลื่นมากๆใช้ได้อีกยาวๆ ใครจะซื้อ 12 โปรแม็ครับรองคุ้มโคตรคุ้มครับ ยืนยันอี ก 1 เสียง แบตก็โอเคครับ,pos
cpuเก่าพอได้ครับเพราะยังแรงอยู่แต่จอ60hzเกินไปอย่างน้อยให้มา90hzก็ได้ขายแพงแล้วตัวท็อปได้สเปกดีแต่ตัวล่างกลางสเปกต่ำ,neg
สุขภาพแบตทีครับ ,neu
แทนที่จะทำซ่อนกล้อง ซ่อนเซนเซอร์แบบทางฝั่งแอนดรอยไปเลย ,neu
โดนจอเขียวบ้างไหมครับ,neu
แบตก็ไม่ได้แย่แต่ไม่อึดเท่าตัว ,neu
เป็นคนที่ใช้13pm ใช้ไป1ปี3เดือน เป็นรุ่นที่ชอบมากกล้องสวยแบตอึดทุกอย่างดีหมด แต่ดันมาเจอจอเขียว ก่อนไปเครมหาข้อมูลเยอะมาก ,pos
ส่วนรูป ถ่ายไม่เป็น😅😅,neu
"ปัจจุบันใช้13 แต่ไม่ชอบกล้องเลยว่าจะเปลื่ยนค่ะ ส่วนตัวเน้นถ่ายวีดีโอ(ในคอนเสิร์ตเกาหลีทั่วไป)กับเล่นเกมค่ะ(เกม fps,moba) ควรเลือกตัวไหนดีคะ",neg
อีกปัญหาที่ผมเจอและผมเจอครั้งแรกย้ำว่าครั้งแรกตั้งแต่ใช้ IP7 Plus ไล่มาจนถึงรุ่น 14PM คืออาการจอดับ ,neg
ครึ่งวันต้องชาร์ตแล้ว เลยจะกลายเป็นห่วงว่าแบตจะหมดระหว่างไปไหนมาไหนแล้วไม่ได้เอาที่ชาร์ตไป,neu
ทำให้ไม่อยากหยิบ14pmมาถ่ายคนเลยอ่ะ😢,neu
ใช่ครับ แบตเหมือนน้อยนะครับ ของแฟนผม13pm เทียบกันของเทออึดจัง นานหมด,pos
ใช้ 14pro ถ่ายจบหลังกล้องไม่ได้ ,neg
ชอบค่ะแต่น้องจอเล็กไปสำหรับหนู❤️🤤,pos
ดูยูทูปได้นานกว่า22อัลต้า เกือบ4ชั่วโมง ร้องแบตไม่อึด,neg
เวลาชาร์จแบตมือถือ ,neu
สายจอเล็ก ,neu
"13 รุ่นนี้ ได้กล้องมาจาก 12PM ค่ะ ยกเว้นตัว tele เพราะได้แค่ 2 กล้องเนอะ ชิปตัวใหม่ A15 มี photographic style, โหมดใหม่ cinematic, macro  เทียบคู่ที่คุณถาม เชียร์ 13 ค่ะ (ตัวเราซื้อ 13Pro)",neu
อย่างน้อยเปลี่ยนรูปแบบหน้าจอ ,neu
เรื่องจอ เทสแบบเปิดดูความละเอียดเท่ากัน เเทบไม่ต่างกันเลย (ดูจากอีกช่องนะ),neu
เสียดาย 12 pro ให้แบตมาน้อยไปหน่อย,neg
ส่วนเครื่องแฟนชาร์จ 15Wวันละ 2 ครั้ง ... สุขภาพแบตฯ อยู่ที่ 89 ... คาดว่าเลยกลางปีไปต้องต่ำกว่า 80 ทั้งคู่ ,neu
13 vs 12 pro maxตัดเรื่องกล้องไป ,neu
สีภาพไม่ได้ออกมาเหมือนสีจริงนะคะ ,neg
12 pro max เทียบแบต กับ s22 ultra ตัวไหนอึดกว่า กันครับ,neu
จอเริสๆ ,pos
ตอนนี้ใช้12proก็ถึงรอบเปลี่ยนแหละ แต่จะไปเอา14proราคาก็ไม่อ่อนโยน และ12proที่ใช้ น้องยังไม่ได้มีอาการอะไรให้รู้สึกรำคาญใจจนต้องเปลี่ยน เว้นแต่แบตไม่ค่อยทน ,neg
คุ้มอยู่ แต่แบตก็ไม่อึดมากเท่าไร พอๆกับ11 ,pos
Xr ตอนนี้ยังคุ้มอยู่ไหมครับ เอาไว้ถ่ายรุปเล่นเกม,neu
ซื้อมา5เดือนหน้าจอขาวส่ง0เป็นเดือนยังไม่ได้เครืองเลย,neu
พอดีผมอยากรู้ครับแบต iPhone 13 จากเที่ยงคืนจนถึง 6 โมงเช้าแบตลดไป 8-9 % ไม่ได้เล่น เชื่อม Wifi ไว้ ปกติไหมครับ,neu
กล้องสวย ,pos
อยากได้iphoneแต่งบไม่ถึงเคยลองใช้ของป้าดีจริงความเสถียรกล้องวิดีโอ,pos
ยังไงตั้งค่า>กล้อง>สไตล์การถ่ายภาพ,neu
ยังใช้ i7 อยู่เลย แบตเสื่อมเหลือประมาณ 70 รอ i14 ปีนี้ครับ ,neg
มันก็กั๊กเหมือนsamsung ครับปีนี้ยังกั๊กจออย่างA42 5G hd+,neg
ขาดกล้องWide กับ ความจุแบต ,neu
เพื่อนร้องขอชีวิตอะ😂 14proแบตไหลไวมากกก เทียบกับiPadก็อยู่ในระดับที่รับได้นะ กะว่าจะเปลี่ยนโทรศัพท์อยู่แต่ยังตัดสินใจไม่ได้ระหว่างredmagic 8pro กับ rog phone 7 pro(สีขาวสวยมากกก),neg
ตอนนี้อเมริกาพัฒนาสู้จีนไม่ได้แล้วอีกหน่อยเขาใช้ดาวเทียมจากประเทศมหาอำนาจใหม่ที่ใช้ในการโทรได้ด้วยย้อนกลับมากับราคาต่างกันมากถ้าคิดแบบตรรกะหรูหรามีหน้ามีตาก็มีแต่เจ๊งกับเจ๊งถ้าคิดแบบรถเพื่อการพานิชย์ถือว่าสู้จีนไม่ได้ราคาแพงแบตสายชาร์จและที่ว่าดีๆมันก็คือข้อดีแต่ละข้อของแต่ละค่ายไม่ชอบอเมริกา เดี๋ยวก็เจ๊งแบบแบคเบอรรี่,neg
mini วิธีประหยัดแบตคือใช้แต่ 4G ครับ แม้มี 5G เราก็ไม่ใช้,neu
ซัมซุงเเบตอึดมากภาพสวยคมชัด,pos
มีใครใช้12 pro แล้วเป็นเหมือนกันมั่งคะ คือ ถ่ายวีดีโอในมือถ้อ ,neu
ตอนแรกก็จะซื้อแต่เรื่องแบตนะสิมันไม่สมควรที่จะอยู่กับชั้น ,neg
แถมจอ iPhone เม้ง ตอบสนองช้าด้วยนะ เครื่องลื่นก็จริงแหละเราเล่นเราก็รู้ว่าตรงไหนเป็นอะไรบ้าง ,neg
จอเหลืองกันไหมคะ,neu
อยากจอใหญ่ใช้ ipad ดูหนัง เล่นเกม ,neu
แต่เรื่องแบตนี่หมดเร็วไป ,neg
รีเซลมาตั้งแต่การ์ดจอ,neu
สักเครื่องแต่กลัวเรื่องจอเขียว ,neu
แบต 2018 mAh ผมรองใช้แล้วครับทั้งวันรอด ,pos
แต่ว่าถ้าชอบจริงๆคือ13proเหตุผลคือ 1.มันได้คำว่าpro 2.จอ120 3.มันเสถียรพอๆกัน 4.กล้องเยอะกว่าข้อเสียคือ 1.มันไม่มีออโตโฟกัสกล้องหน้า 2.ตอนนี้มันก็เริ่มเก่าและต้องไปหาที่ศูนย์เครือข่าย​หรือมือ2 3.แบตน้อยกว่า14 4.พอร์ตเป็น ไลท์นิ่ง.....แต่ถ้าไม่ซีเรื่องข้อเสีย ,pos
แล้วทำไมเมื่อก่อนเราใช้จอเล็กกันได้ครับ ,neu
ซึ่งตรงเเท่งทองแดงมันเป็นรูปทรงที่ยื่นไปตรง cpu ข้างกล้องด้วย ,neu
ตัดสินใจซื้อเพราะจอใหญ่ ,neu
เวลาแคปจอคนเขาจะได้รู้กันว่าใช่ตัว ,neu
เครื่องไม่มีรอยเลยใหม่มาก  หุ้ม powershield ทั้งตัว มีกันรอยกล้อง ,neu
"เพิ่งชื้อ iPhone 11 128 มือ1 ค่ายกล้วย 19,300 คิดว่าแบตทนกว่า 12 กล้องก็ไม่หางกัน แต่แค่ไม่มี5G นอกนั้นส่วนตัว ",neg
กล้องหน้า Auto focusมันน่างง กล้อง ชิฟ ,neg
กล้องสวย ,pos
และหน้าจอ ,neu
ขอคลิปโทรศัพท์เล่นเกมแบตถึกในราคางบน้อยหน่อยครับ,neu
ควรพัฒนาขึ้นสักนิด3.การนำทาง (ดีขึ้นแต่ยังไม่พอ)ถ้าจะให้ติอีกเรื่องคือ จอ 60Hz 3หมื่น ,neg
แบตยังอยู่ ที่ 70-60 ตลอด ,neu
ใครที่ใช้ หรือ แนะนำไป i 13 ก็ระวังจอเขียว จอเหลือง จอขาวกันด้วยนะจ๊ะ บอกด้วยความหวังดี😊,neu
รู้สึกไม่ค่อยโอเคกับคุณภาพกล้องเท่าไหร่เลยค่ะ🤣,neg
ส่วนกล้องหลังให้10/10 รูปที่ถ่ายโดรวมแทบไม่ต้องแต่ง  ,pos
ชาร์จแบต100 ออกบ้านถึงที่ทำงานแบตเหลือ 90% เล่นเกมส์เหี้ยอะไรไม่ได้สักอย่างเหมือนเครื่องจะระเบิด ,neg
ติดของตัวไหนครับ ทั้งหน้าจอและกล้องเลย,neu
ตอนนี้ใช้ 13 ธรรมดา จะอัพเกรดไป 14 pro เพราะใช้งานด้านกล้องเป็นหลัก ,neu
"เดี๋ยวนี้ แอนดรอยด์ 7,000 ได้จอ AMOLED  ชาร์จ30W ",neu
ถ่ายวิดีโอเทพแค่ไหน ,neu
อยากรู้ว่าแบตอยู่ครบวันหรือเปล่าครับ ? ,neu
จัด 12pm มือ2มา จอออกเหลืองๆไหมคับ,neu
รุ่นต่อไปขอแบบนี้ แต่จอ OLED จะดีมากเลยครับ,neg
พอรับไหว ที่ไม่ได้คือเกมกะกล้องนี่แหละ แย่จริงๆ,neg
ยิ่งเล่นเกม 11PM แบตอึดมากๆ ,pos
ตัดภาพมาที่เพื่อนที่ทำงานใช้ s22u s23u ,neu
รีวิวเวอร์จังจงใจทำให้ไอโฟนเสียหายมากผมเล่น rov 14promax เฟรมเรทอยู่ที่120fpsดอปมาแค่1-2อีกอย่างกล้องสวยกว่าssเยอะ,pos
ส่วนเรียนออนไลน์3ชั่วโมง (ไม่ได้ปิดหน้าจอเลย)แบต100%เหลือ78%ค่ะ เครื่องร้อนเอาเรื่องเลยค่ะ😂 แต่ก็นะถ้าใจเราอยากได้ ,neg
ดีหมด ยกเว้น3เรื่อง1.ปลดล็อคจอ ,pos
13 โปรยังหน้าจอเขียวอยู่ไหม,neu
แบตอืดไหมครับ,neu
แอนดรอยด์หนูจอ90 แต่หนูก็ต้องใช้60 อยู่ค่ะ 😁 เรื่องจอไม่ติดเท่าไหร่,neu
ต้องติดๆฟิล์มกล้องไหมครับ,neu
ของพี่สาว 14 โปรแม็คของเรา 13 โปรแม็คแบตพี่สาวหมดไวกว่าจริงๆ,neg
ขยับมา12pmเลยคะ จอใหญ่ซะใจ😂มาก ,pos
แบตจะเสื่อมไหมครับ,neu
อยากได้คลิปแนะนำหน่อยครับ สำหรับมือถืองบหนึ่งหมื่นใช้งานได้หลากหลายดูหนังฟังเพลงกล้องค่อนข้างดี ,pos
มันสังเกตที่กล้อง,neu
หน้าจอใหญ่กว่า 14 ยังไงก็คุ้มกว่า ,pos
13 pro แบตอึดกว่า,pos
ส่วน 14 ลืมไปได้เลยเพราะมันไม่คุ้มไม่ว่าจะมุมไหน (ต่อให้ได้กล้องที่ดีกว่าเดิม ,neg
ใช้งานแบตเตอรี่ เป็นไงบ้างครับ ลดเร็วมั้ยครับ🥺,neu
ของผมip12 ประกันหมด1อาทิตย์จอรวนเหมือนกันไม่เคยตกไม่มีรอยสักนิดพนง บอกซวยเหมือนกัน ,neg
i12 เป็น i13 มั้ยเนี่ย เราขัดใจเรื่องกล้อง i12 ที่ติดเหลืองแต่ใช้ๆไปก่อน ,neg
@Cjhollywood จอสู้12mini ได้ครับ HD กับ Full HD ต่างกันพอสมควร,pos
เกมเล่นแค่ rov pubg ไม่ได้อัดหน้าจออะไรเน้นใช้งานทั่วไป / ขอบคุณครับ,neu
ไม่ได้เปลี่ยนอะไรเลยครับเหมือนiphone13iphone 14ปีนี้ไม่ว้าวทุกตัวเลยราคาก็แพงถ้ามีtype c จอ120 hzทุกรุ่นคงดีไม่ใช่มีจอ120hzแค่pro  pro max รอiphone 15จะมีไหม,neg
ยืม13Promax ของเพื่อนถ่าย ถ่ายออกมาว้าวมากก บิวตี้มากก,pos
ซื้ออวดนะครับ ใช่แต่กล้อง ig นะ ผมว่า 40000 ,neu
เวลาใช้ HD 60 หรือ 4k 60 วีดีโอมันมืดกว่า 30 ไหมครับ ของผมมันมืดครับ,neu
ตอนนี้มาจอเขียวอีก,neu
ถ่ายวิดีโอถอดหน้ากากก่อนดีกว่ามั๊ย หยอกๆครับ,neu
จอสีสวยขึ้น ,pos
สภาพกล้องโอเค ลงคอนเทนท์ชัดเจนเหมือนเดิม ,pos
7:00ชอบคนตัดต่อช่างหาภาพมาประกอบลุงตูก็มีมาสุดยอด5555,neu
12 Pro ความรู้สึกเหมือนเฟรมในการถ่าย HDR น่าจะเยอะกว่า 12 ธรรมดา น่าจะสร้างความแตกต่างระหว่างรุ่นธรรมดากับโปร ,neu
ใช้ Iphone 13 ค่ะ เผลอเอาทิชชู่แอลกอฮอล 99% มาเช็ดเลนส์กล้องหลัง จะเป็นอะไรมั้ยคะ รบกวนช่วยตอบทีค่ะ ,neu
ผมชอบมือถือจอใหญ่ๆ ,pos
หน้าจอละมุน ,pos
ปกติแล้วผู้หญิง ถึงถ่ายด้วย ip หรือ ss ก็ต้องผ่านแอฟอยู่แล้ว,neg
แนะนำตัวโปรแม็ก จอใหญ่สะใจ,pos
กล้องอีก ,neu
เพื่อนยังขอแลกอะมันบอกว่าเทียบกันแล้วมีแปลกใหม่แค่ติ่งหน้าจอที่เหลือเหมือน 13pm จะทำได้ดีเท่าๆกันหมด ,pos
นอกจากหน้าจอแล้วมีอย่างอื่นต่างกันไหมครับ,neu
33kได้จอ60hz ติดแค่ตรงนี้อะ,neu
ชอบไซส์เล็กแบบ 12 mini นี่แหละใช่เลย แต่ติดตรงแบตลดไวมากนั่นแหละ รอดูรุ่นใหม่ต่อไป,pos
ยากหน่อยเพราะคีบอดเล้ก แบตหมดเร็ว ,neg
จอแท้ของดิชั้นก็ยังไม่เสีย แต่มันถอดมา เxี้ย!,neg
พี่ตั้มครับ ไอโฟน12 เครื่องเป็นลอยง่ายมั้ยครับ เช่น จอ เลนกล้อง ,neu
@Film Is The Bestผมว่าโอเคนะครับ ประทับใจตางถ่ายรูปครับ ถ่ายย้อนแสงกล้องปรับให้อัตโนมัติ ,pos
ใช้เล่นเกมส์ไม่ต่างกับดรอยเท่าไหร่ ก็แรงดีก็นึกว่าจะเย็นแต่ก็ร้อนแบตไหลไม่ต่างแต่ใช้ก็โอเคลื่นๆ,neu
ลากจอบนสุดถึงล่างสุดในมือเดียวไม่ได้ ,neu
ต้องใช้จอ 6.5 นิ้วถึงจะสบายตา ,pos
จอใหญ่ ,neu
กล้องอ่ะได้อยู่ แต่จะขายละ,pos
จากใจคนใช้แอนดรอยจอใหญ่ๆ มาแล้ว ,neu
ไม่เห็นมีช่องไหนพูดถึง ถ่ายรูปกลางแจ้งแล้วจอดรอปแสงเลย ,neu
ของคุนร้อนมากเรนเหรอ แร้วแบตหมดไวมากเลยเหีอ,neu
@Phazok Mobile แนะนำ 11PM ครับ 12PM แบตไม่ดีเลย ,neg
@Koppa SSS 12 ดีกว่าครับmini แบตไหลมากก,pos
ผมเพิ่งจัดมาแต่ก่อนใช้13promax รู้สึกจอใหญ่ ,neu
เสียดายไอโฟน14พลัสรีเฟรชเรทหน้าจอควรจะได้120Hz,neg
หน้าจอมืดไหมคะ,neu
ตอนนี้แบตเสื่อม(ผมใช้s9+) ,neg
13 pm มีปัญหาจอเขียว จอลายแล้วครับ ,neg
ถ้ามุมมองของการถ่ายรูป แบบฝรั่งตั้งแต่กล้องใหญ่เลยครับ ,neu
กล้องรูปถ่ายออกมาไม่สวยต้องปรับแต่งก่อน ,neg
และไม่มีทางที่จอ 60hz จะลื่นกว่า 120hz นะครับ ,neu
ตั้งแต่มี 13 Pro Max ตัวนี้มาเนี่ยคือถ่ายรูปสนุกมากกกกก ถ่ายคนมายังไงก็สวย ,pos
อยากรู้ว่ากล้องระหว่าง13 vs xr อันไหนดีกว่ากันคะ,neu
รอบที่ถ่ายไหมนะ,neu
รู้สึกถ่ายเชลฟี่สวยกว่าตัว pm ตัว pm ,pos
ทำไมรู้สึกว่า iphone se 3 ถ่ายวีดีโอสวนกว่ากล้องที่พี่ใช้ถ่ายปกติครับ,pos
เพราะชอบถ่ายวีดีโอกันสั่นดีกว่า ,pos
ตอนนี้เบต้าแบตเหลือ ,neu
ปัจจุบันตก ซ่อมฝาหลังเปลี่ยนแบตเปลี่ยนจอ แต่เปลี่ยนจอมาสองรอบแล้วค่ะ ,neu
เน้นเกมกับอัดหน้าจอ ,neu
ชอบมากดูลูกคุณหนูอะ555 เเต่ไอ13มันสวยเกินไปมันชัดมากเหมือนภาพตัดเเปะไม่รู้คิดเองไหม,pos
ยกเว้นแบตเตอรี่ ,neu
ทดสอบแค่ระดับความรู้สึกจากรีวิวยูทูปไม่ได้ช่วยอะไรเลยอนาคตก็มีโรงงานมาผลิตแบตรุ่นนี้ที่มีความจุมากขึ้น ,pos
เขาว่ามันดีถึงขนาดถ่ายวีดีโอถ่ายหนังได้,pos
จอเล็กแพงก้จริง แต่งานวิดีโอนิ่งเสถียนกันสั่นดีมาก  ,pos
แบตไม่ไหล ,pos
รู้แค่ว่า ไลน์นิ่ง และ รอยบากบนหน้าจอก็ยกเลิกการจองทันที,neg
นี่จบเลยเหมือนผลิตมาเพื่อถ่ายแค่กลางวัน,neu
ถ้าแค่จอสวย ก็ว่าไปอย่าง ,neg
รู้สึกว่าแบตของ 14 pro maxอึดกว่าค่ะ,pos
เล่นใด้ประมาณ 6ตา จนแบตหมดก็ไม่เห็นว่ามันตกมากนะ เล่นจนแบต เหลือ 8% ยัง อยู่ที่ 57-59 fps ครับ,neu
หลอดไฟเพดานห้องอยู่เยื้องจากเตียงประมาณ20องศาจากมุมฉากไปทางขวาผมหันซ้ายกดสแกนปลดล็อคหน้าจอไม่ติด ,neg
ถ้ามีก็แค่เรื่องเดียวคือ จอ Super Retina XDR,neu
ไอโฟนไฟล์ภาพดีเอาไปแต่งต่อได้ อ๋อ แต่แอนดรอยไม่ต้องแต่งอะกล้องเดียวครบ,pos
สุขภาพแบตเหลือ 90% สะเทือนใจเลยเมื่อเปิดไปเห็น) -จอ 120hz. ,neu
มี เรื่อง เดียว คือ แบตเตอรี่ 🔋 หมด ,neu
แบตไม่อึดเลยจริงๆ,neg
จอเขียวอ่ะดิหมดประกันปุ๊ปเล่นงานกุเลย​  ,neg
แล้วเมื่อเทียบกับรุ่นอื่นๆ ก็ยังได้จอแค่ 60hz ซึ่งราคาขนาดนี้มันควรได้ 120 หรือ อย่างมากๆเลย 90 ได้แล้ว ,neu
ถ้าชอบถ่ายเซลฟี่ ตัวไหนดีกว่า,neu
อยากรู้ว่าถ้าการเปิดระดับเสียงเพิ่มขึ้นจะทำให้แบตเตอรี่รถด้วยไหมครับ,neu
เรื่องแบตเตอรี่ ,neu
ส่วนจอยps5 พกไปพกมาระวังdrift ,neu
ส่วนเรื่องเล่นเกมเวลาเดินทางผมไม่ค่อยชอบเล่นเกมเท่าใดนักเพราะเมื่อได้ออกข้างนอกก็อยากจะมีเวลาสัมผัสสิ่งแวดล้อมรอบตัวที่ไม่ใช่โลกออนไลน์ให้เต็มที่มากกว่า เน้นหนักไปทาง โทรออกรับสาย ตอบคอมเมนท์หรือแชทที่สำคัญบ้างเล็กน้อยหรือแอพฯเกี่ยวกับการเงินซึ่งสิ่งเหล่านี้แค่หน้าจอ iphone se ก็เพียงพอ ,pos
ใช่ครับ รับได้หมดทุกอย่างนะ ยกเว้นแบต ที่มันไม่เพียงพอแล้วสำหรับการใช้งานระบบต่างๆในยุคนี้,neu
มาวันนี้ใช้จอเล็กกันไม่ได้สะแล้วโถ่,neu
rov frame rate ตกรัวๆ ไหนจะระแวงเรื่องจอเขียวอีก แต่ฟีลลิ่งการใช้ดีมาก,neg
เขาใช้ XIAOMI กันแล้วครับสมัยนี้ กล้องสุดโบราณ 48 ล้าน ,neg
ยังไม่เคยเจออาการเฟรมเรทตกจนกระตุก ถ่ายวีดีโอยังไม่ถึงกับเครื่องร้อน (เครื่องผม 128gb. ,neu
แต่ทำไมผมความรู้สึกว่าแบตมันก็ไม่ได้อึดอะไรขนาดนั้นเลย เหมือนจะลดไวด้วย ,neg
ประกันเหลือ5เดือนย้ายจากi11 จอใหญ่เกิ๊นน,neu
60 hz ปัจจุบันใช้ 120 พอเล่นหน้าจอรีเฟรชน้อย เลื่อนๆแล้วมันเวียนหัว รอรุ่นที่ราคาดี ,neu
พี่ กล้องไอโฟนมันปรับโทนได้ครับ ,neu
มันเบาแต่ราคาไม่เบาเลยครับ จอ 60 ควรพัฒนาได้แล้ว,neu
สวัสดีค่ะอยากสอบถามว่า Ip 13 เวลาถ่ายกลางคืนหรือเวลาฟ้ามืดแต่มีแสงไฟ จะเจอจุดเขียวๆในกล้องค่ะ ,neu
ยิ่งวีดีโอนี่กินขาดแอนดรอยด์ครับ ,pos
สุขภาพแบตของ iPhone 11 กับ 12mini เท่ากันปะครับ,neu
อยากทราบวิธีรักษาแบต 14 กับความร้อนของเครื่องครับพี่ตั้ม,neu
แบตไหลจริงมั้ยสต.คิดว่าไหลแต่ไม่ได้ขนาดนั้น ,neu
ดีทุกอย่าง ยกเว้นแบต,pos
ถ่ายท้องฟ้า 11 ดีกว่า,pos
หน้าจอก็60Hzเหมือนกัน ,pos
จอคืองานดี แต่ตัองศึกษาฟังก์ชันอีกเยอะ😂,pos
บางครั้งมันจำเป็นต้องใช้7.แชร์ฮอสปอตให้โทรศัพท์เครื่องอื่นๆหลุดบ่อยมาก8.กล้องหลังซูมได้น้อยไป ,neg
ยังเล่นลื่นๆอยู่ แต่มันจะกระตุกตอนอัดหน้าจอครับ ,neu
เสียงวีดีโออีกคลิป ,neu
แบตเตอรี่ใช้จริงรุ่นไหนอึดกว่าครับ,neu
ทำไมไม่ค่อยมองกล้องตรงๆ จะเอียงขวาตลอด ,neu
มันใช้เลนส์ ultrawide ไม่ได้ครับ 4k 30fps ถ่ายได้ปกติทุกเลน์ครับ,neu
ที่ชอบมากคือแบตเตอรี่ อึดสุด! ,pos
ตอนแรกตั้งใจจะกด14plus แต่เจอให้จองี้มาใช้เครื่องเดิมก็ได้😂😂,neu
ทุกวันนี้เรามองไอโอน ตรงหน้าจอนะ ,neu
ถ้าให้จอซัก 90hz จะโครตขายดี,pos
อยากให้ลองกันครับ เพราะผมเองก็เคยจมกับความรู้สึกที่อุตส่าห์ซื้อมาแพงแต่ได้กล้องแย่อยู่พักนึงเหมือนกัน เลยอยากชี้ทางสว่างครับ,neu
เราเอาPro Max จอใหญ่กว่า ,neu
ไม่ใช่แค่เล่นเกมนะร้อนมากๆปุ๊ปแค่เลื่อนหน้าจอยังแลคกระตุกๆเลย ,neu
อ่อ อีกจุดที่สาวก IOS ชอบคือการอัพเดทเวอร์ชั่นไอโฟน 6s สตาร์ IOS9ตอนนี้ใช้ IOS15ได้เหมือนไอโฟน 13 เลยหากตั้งเป้าหมายใช้ 5 ปีกับไอโฟน 13 มินิมันอยู่ได้แน่นอนอย่างมากก็เปลี่ยนแบตใช้ต่อ,pos
เรื่องแบตก็แพ้,neg
ใส่กระเป๋ากางเกงสะดวกมากเวลาลุกนั่ง แต่ก็จอเล็กจริงครับ ,pos
อยากทราบว่า iphone 12 pro max กล้องหลายตัว ,neu
อยากสอบถามเรื่อง iPhone 13 pro max จอเขียว จะมีโอกาสเป็นเยอะมั้ยคะพี่ 😢,neu
เปิดโหมดประหยัด เหลือ 40 แบต,neu
ใช้มาตั้งแต่ 12 mini ชอบมากจนตอนนี้จับจอใหญ่ไม่ชิน ,pos
แต่ 13 ขึ้นไปที่ไม่ได้ซื้อกลัว จอเขียว ,neu
ถามหน่อยครับพี่ ตระกูล11ถึง14pro maxการชาร์จไปเล่นไปยังต้องห่วงเรื่องแบตเสื่อมอยู่มั้ยครับ,neu
ใช่ครับให้90hzมาก็ได้ผมชอบiphoneถึงไม่เคยซื้อมาใช้แต่เคยใช้ของป้าและเพื่อนชอบเลยเล่นเกมลื่นกล้องวิดีโอดีระบบiosมันจริงดีถ้ามีเงินคงไปใช้iosแต่มันกั๊กแบบนี้ไม่น่าใช้,pos
สำหรับผมมันเป็นโรคจิตเพราะความซวย ดันไปซื้อจอคอม 144Hz มาใช้ซะชิน  ,neu
ส่วนตัวใช้ X 11PM 12PM ตัวเก่าไล่ลำดับมา 13PM คือรุ่นที่แบตฯอึด ,pos
อยากรู้ว่าซัมซุงมันอืดจริงมั้ยคะหรืออยู่ที่คนใช้ เพราะแม่เราใช้ s22 มาแค่2ปีอืดมาก แถมตอนนี้จอเขียวเป็นเส้นทั้งที่ดูแลดีมากไม่เคยทำตก ,neu
แบตอึดมั้ยครับ,neu
กล้องของ 13 สวยจริงๆค่ะ มัวแต่อยากได้ของใหม่เปลี่ยนเป็น14โปรแล้วค่ะ ,pos
แบ่งหน้าจอได้ ,neu
แล้วขยับมาใช้IPhone 13 ส่วนตัวยังไม่ชินในหลายๆจุด แต่กล้องคือปังมาก ,pos
เปิดหน้าจอตลอด ,neu
จออ่ะลื่น ,pos
ยกตัวอย่างอย่างเทคโนโลยีการชาร์จและแบตเตอร์รี่เลยครับ ,neu
พี่นิวที่รีวิวกล้อง…ผมไม่เห็นนานแล้ว ,neu
ห้ามมีความชื้นจากการเปียกน้ำในตัวเครื่อง ก็ถ้าเครื่องใสๆ เคลมได้ฟรีๆ ครับ ถามว่าทำไมต้องมีเกณฑ์เหล่านี้ ก็เพราะสาเหตุที่ทำให้จอพังมันมีส่วนมาจากตรงนี้ด้วยครับ,neu
"รอ ไอโฟน ทำแบต 5,000 เล่นนานเครื่องไม่ร้อน ",neu
โทรศัพท์ไม่สมบูรณ์ที่ชาร์จแบตไม่มีอย่าไปซื้อมันเห็นแก่ตัวแพงก็พอว่าไม่มีที่ชาร์จเหอะฯ,neg
เรื่องกล้องคือที่สุด แต่ถามว่าคุ้มไหม ,pos
เห็นเล็กๆแบบนั้นแบตอึดใช้ได้เลยนะครับ,pos
แบตอึดกว่า 12 อีก ,pos
เมื่อไหร่มันจะแก้ไขเรื่องแบตซะที ,neg
ส่วนตัวเป็นช่างภาพสำหรับผมใช้งานมืออาชีพและงานภาพนตร์ ,pos
โดยเฉพาะถ่ายคนสวยมาก,pos
เลยซื้อ 12 promax ใช้ยาวๆดีกว่า จอเขียว😂,neg
14plus (ด้วยขนาดหน้าจอเท่าตัว max) ผมไม่ซื้อ ,neu
ไอ11แบตอึดดี ,pos
Se3 แบตไหลนี่เป็นทชธรรมดาใช่มั้ยคะพึ่งซื้อมาเมื่อวาน🥹 ,neu
13โปรกล้องสวยมาก ,pos
คนใช้งานทั่วไปบางคนเขาอยากได้กล้องที่ถ่ายแล้วโอเค ปรับสีนิดหน่อยตามแอพทั่วไป ,neu
iphone 13 กับ iphone 12 pro max อันไหนดีกว่าคะ เน้นกล้อง ,neu
จอค้าง ต่างๆ ,neg
13proครับ 3กล้องสาวชอบ 2กล้องเชยเเล้วสาวไม่มอง,neu
สำหรับออย เอาเครื่องคิดเลขถ่ายก็สวยครับ,neg
14pro maxแบต หมดเร็วเกิน ,neg
หน้าจอชอบดำเวลาดูยูทูป,neg
บางรุ่นเน้นกล้อง ,neu
"20,000ได้เลยแถมจอ 11 ที่เป็นLCD ",neu
เเบตไม่อึดเท่า11 เพราะจอเป็นOLED,neg
iphoneช้าสุดในค่ายแบรนด์จีนเน้นชาร์จไวแต่กล้องหน้าบางค่ายถ่ายวิดีโอ4Kไม่ได้แต่samsung iphoneถ่ายได้ไม่มีอะไรลงตัวทุกค่าย,neg
ทีมมือถือจอเล็กคะ อยากได้เทคโนโลยีความจุแบตเยอะๆคะ ถ้าแอปเปิ้ลทำได้คือจะว้าวเลยเพราะยังไม่มีค่ายไหนทำได้,neu
แบตยังเหลือ 45-50% เล่นโซเชี่ยล ช็อปปิ้ง เล่นเกมส์ เล่นทั้งวัน (ไม่ต้องกังวลว่าจะต้องชาร์จในสภาพแวดล้อมที่อากาศร้อน หรือตอนที่เครื่องกำลังร้อน) มันอึดขนาดที่เราเลือกได้ตามสะดวกเลยว่าจะชาร์จตอนไหน (ไม่เคยอินกับมือถือแบตอึดเลย ,pos
14pกับ14pmจะมีหน้าจอเขียวมั้ยครับ,neu
ไปไม่เป็นเลยแถมกล้องแกงหน้าหนักมาก ,neg
ดีเรื่องกล้องหน้า ,pos
12 64GB แต่ 13 /13 mini เริ่ม 128 นะครับ ไซส์หน้าจอแล้วแต่ความชอบครับ,neu
นี่อียูยื่นกดหมายเปลี่ยนแบต กับรู c จะรับมือยางงายน้อ,neu
กล้อง ip13 เป็นไงบ้างดีมั้ยครับ แสง สวย ชัดไหมครับ พวกฟิลเตอร์ไอจี เป็นไงบ้างครับ ถ่ายลงเฟส ลงสตอรี่,neu
ใครจะเอาจอ 60hzคับเนี่ย,neu
เราว่าแบตมันไม่อึดนะ ,neg
ตอนนี้ใช้ไอโฟน 13 ดู youtube แล้วจอดำบ่อยมาก😒,neg
ติดฟิล์มรอบเครื่อง เผื่อใช้ไปแล้วเบื่ออยากขายต่อราคาก็ยังดีครับ อย่าง 11 pm มือสองก็ยัง 17000-20000 คือถ้าไม่ติด dynamic island กับคาดหวังกล้องสุดแบบ  Samsung อย่างทุกอย่างอยู่ในระดับดี-ดีมาก ,neu
ซึ่งก็ต้องยอมรับว่ากล้องสด ,neu
สงสัยต้อง 15 เอา แค่ c ก็พอก่อนละม้าง ไอ 18 ค่อยเต็มจอละกัน,neu
ตอนนี้ในตลาดราคา 3 หมื่นกลางๆ ได้ความจุ 256 ได้จอ 120hz ,neu
เเต่ส่วนตัวเป็นคนไม่ชอบมือถือจอใหย่เพราะเป้นคนมือเล้กถือเเล้วไม่สวย 14pทั้งใจ,neg
กล้อง11ดีกว่า ก็ไม่รู้ค่ะ หรือ13ของเรามันมีปัญหา😂,neg
เสียอย่างเดียวคือหน้าจอไม่สว่าง,neg
ส่วนเรื่องจอใหญ่ไม่ใหญ่ไม่ได้ซีเรียสเลยครับ,neu
คนใช้ไอโฟน แบต 99 หาที่ชาร์ต คือเรื่องจริง 5555555555 พกพาวเวอร์แบงค์ตลอด ในกระเป๋ามีทุกอย่าง ,neu
ภาพ 11กินขาดเลย,neg
แล้วรู้สึกว่าจอเท่านี้ทำให้สนใจชีวิตปจวนอกจอโทรศัพท์เยอะกว่าด้วยๆๆ,neu
ถามหน่อยครับ.  เลนส์ อัลตร้า ไว   ใน iphone 12 มีความต่าง ไหม ครับ กับ 11.    เพราะ ของเพื่อนผม 12.  พอถ่าย ออกมา เหมือน จะ ดีกว่าเลย ,neu
กล้องเจนใหม่ ไป13,neu
ไอโฟน se 4  อยากให้มาในแบบปุ่มโฮม แต่ขนาดหน้าจอ 5.5 นิ้ว  เหมือน 8+ ทุกๆปีไปตลอด ,neu
ใช่ค่ะ เพราะทุกวันนี้เวลาถือเราก็หันจอออก ,neu
เรื่องแบต คือเห็นด้วยมาก ๆ จัด ๆ😢,pos
กล้องหน้าตอนกลางคืนเป็นไงบ้างครับ,neu
จะบอกว่ากล้องเขาไม่ดีหรือครับ ,neu
เห็นเขาไปเทสแบต ต่างกัน2ชั่วโมง18นาที ต่างแต่แบตกับจอ ,neu
ไม่เหมือนตอน 12ไป13 ที่รุ่นธรรมดามีการเปลี่ยนดีไซน์กล้องให้เป็นแนวทะแยงกับเปิดตัวจอ 120hz ในรุ่น pro ผมนี่รีบขาย 12pm ไปซื้อแบบด่วนๆเพราะมันว้าวสำหรับสาวกไอโฟนที่สุดแล้วในเรื่องรีเฟรชเรท ,pos
ตอนนี้มีงบพอที่จะไป pro max ได้ แต่คิดอยู่นานมากๆ ว่าถ้าใช้โปรแม็กจอใหญ่จะเป็นปัญหามั้ยตอนใส่หระเป๋ากางเกง หรือตอนใช้งาน หรือจะซื้อรุ่นโปรดีจอกำลังพอดีแต่อีกใจก็อยากให้ซื้แทีนี้จบทีเดียวอีก 4-5 ปีค่อยเปลี่ยน,neu
ดูรีวิวไปรีวิวมาผมใช้Xsmaxต่อไปสัก2ปีชอบกล้องมันละมุนหวานๆๆดี😂❤❤,pos
อะไรก็ได้แบตอึดๆ,neu
ซึ่งมันไม่น่าจะเป็นกับมือถือตัวแพงๆ แบต : ผมว่าดีกว่า 13 pro max ,neu
ถามหน่อยครับ 12โปรแม็กมันมีภาพพื้นหลังเหมือนหน้ากล่องไหมครับ เปลี่ยนตรงไหนครับ,neu
ซื้อขวดนี้ 128 ไม่ค่อยพอครับต้องมานั่งลบพวกไฟล์หรือรูปภาพหรือวีดีโอเก่าๆออกยิ่งความจุใกล้เต็มนี่คือเรื่องอื่น,neg
ส่วนหล้องผมไม่ค่อยซีเรียจเพราะปกติก็ไม่ค่อยได้ถ่าย หรือว่าผมพึ่งจะเข้าวงการIOSเลยยังไม่ค่อยพบปัญหา ,neu
บางทีกล้องมันเหมือนจะเปลี่ยนเลนเองหรืออะไรสักอย่างมันเบลออะคับ ,neu
กล้อง pro max .. คมชัดมากกก ,pos
ใช้ 11 อยู่ จอง 14 plus ไปแล้วรับวันที่ 9/10.ชอบที่จอใหญ่ขึ้น function ที่ให้มาเพียงพอกับการใช้งานแล้ว แต่ได้น้ำหนักเบาพอๆกับตัว 14 pro เบากว่า promax เกือบ 40 กรัม. ,pos
ทำกล้อง แค่นั้นหรือ มันจะคุ้มไปได้ไง ,neu
12 จอไม่เขียว *-*,neu
12 pro max ถ่ายได้ดีกว่า 13 pro อีกหรอครับ งง เด้,neu
พี่ทิมแกจะขายแบตครับพี่  เปลี่ยนแบตรวมค่าบริการเกือบ4พัน 5555555,neu
เพิ่งตัดสินใจขายไปมะวานใช้ได้5เดือนตัดสินใจอยู่นานเพราะเป็นไอโฟนเครื่องแรกใช้ดีจนไม่อยากขายแต่ด้วยความจิตตกเรื่องจอเขียวต้องเคลมข้ามจังหวัดแล้วคนที่ซื้อLotเดียวกันก้อทะยอยเขียวไอ่เราก้อเลยเอาว่ะไปขายโดนกดราคาขายได้แค่27000ทั้งๆที่จอยังไม่เขียวนะคะแต่แรกกับความสบายใจขายๆแม่งไปเถอะเก็บตังรอ15วัดดวงอีกรอบ😅😅😅,neu
ใช้ชาร์จได้ประมาณ2ครั้ง(ชาร์จตอนแบตฯเหลือ40เปอร์เซ็นอาจดูเกะกะไปนิด ,neg
ถ่ายสแกน ar ถ่ายยังไงอ่ะ,neu
คุณภาพแบตลดไป 3% เหลือ 97%ถ้าหมดไป1ปี ,neu
ไอโฟน11สีหน้าจสวยมั้ยคะ เห็นหลายคนในกลุ่มบอกว่าสีหน้าจอเหลืองไม่ค่อยสวย ,neu
งานวีดีโอเป็นไงบ้างครับตัวนี้,neu
ตอนแรกก็เล็งจะเอา13pro คิดไปคิดมาก็เลือก14นี่ละ ส่วนตัวมองข้ามเรื่องกล้อง กับ จอ เพราะแค่นี้ก็เพียงพอกับการใช้งาน ,pos
แค่จอ 120Hz ก็คุ้มแล้ววววววววว ,pos
"ถ้าใส่มาให้ครบตามความอยากของแต่ละคนที่อยากและใช้เท่าที่จำเป็นไม่เท่ากัน""กินแบต""เป็นจุดออ่นสุดโต่งของโทรศัพท์มือมือถือทุกแบรนด์ ",neu
โอเคกับจอขนาดนี้ไหม ,neu
ชอบตรง  แบตเตอรี่ ครับ❤❤❤❤❤,pos
สลับมุมกล้องเหมือนรายการทีวีเลยครับ,neu
วีดีโออย่างเดียวที่เลือก,neu
มีแค่กล้องหน้าauto focus แอคชั่นโหมด cinematic 4kที่13ไม่ที ,neu
สิ่งที่พี่ตั้มพูดมาผมเจอหมดเลย -เเบตไม่อึดเท่าที่ควร -ดูยูทูปแล้วหน้าจอดำ(บางที)-เล่น rov แบบ60fps ตกเหลือต่ำสุด49เฟรม ,neg
maxเวลาถ่ายไฟLEDกล้องกะตุกครับ,neg
14แบตอึดไหมพี่,neu
แบต / จอ / ความสะดวกสบายในการใช้มือเดียวที่ต่างกัน,neu
x(ใช้มาตั้งแต่เปิดตัว เปลี่ยนแบตมา1รอบ) สุขภาพแบตล่าสุดเหลือ86%เหตุผลหลักๆคืออยากได้เครื่องที่เล็กลง ,neu
จับถนัดมือ แต่จอเล็ก ,neg
12pm vs 13pm ต่างมั้ย (ตามสเปคแทบไม่ต่าง) แต่การใช้งานรวมๆ ต่างมาก (ไม่นับกล้องนะ เพราะความต่างมันน้อยเกิ้น)-13pm ควบคุม จัดการอุณหภูมิดีกว่า (หรือต่อให้เครื่องเกิดร้อน ,neu
สีวีดีโอเพี้ยนเป็นสีซีดๆ,neg
ใช่อยู่ที่ปัจจุบันมือถือจอเกือบ8นิ้ว แต่อย่าลืมว่าเมื่อก่อนเคยใช้มันก็เล็กกว่านี้นัถ้าบอกว่าพิมไม่ถนัด,neg
เหมือนมันทำให้ i12 กล้องติดเหลืองจอเหลือง แล้วค่อยมาแก้ใน i13,neu
ส่วนตัวเราไม่ได้ซีเรื่องจอ ,neu
กล้องดีจัด​,pos
ถ้าถ่ายเเล้วต้องเอาไปเเต่งรูปค่ะ ,neu
แต่กล้องปีนี้ใหญ่มาก ,neu
กล้องไม่ค่อยถ่าย เล่นแค่ line facebook 64gb ใช้ได้นานๆ เลย,pos
ส่วนชิ้นส่วนจอด้านหน้าก็ยังสามารถถอดประกอบได้เช่นเดิมกับรุ่นก่อนๆ,neu
A73 5G ตบยับครับแบตอึดกว่า/จอสวยกว่า/กล้องดีกว่า/คุณภาพเสียงดีกว่า,neg
ให้พ่อใช้ชอบครับจอใหญ่ดี ,pos
ยังมาหงุดหงิดกับการแสกนหน้าจอมาก ,neg
มันไม่โฟกัสตลอดระยะเวลาการถ่าย อยู่ๆมันจะหลุดก็หลุดเลย ,neg
ส่วนตัวคิดว่าถ้ามีคนได้ลองจับตัวจริงของ 14 plus  แล้วเป็นคนที่ชอบโทรศัพท์จอใหญ่ ,neu
เฟลตรง 12PMใหญ่เกินไป แต่12Pก็แบตน้อยเกิ๊นนน ,neg
ดีใจมากที่มี 14 Plus ได้หน้าจอใหญ่ ไม่ต้อง Pro รอขาย 7 ตค.ค่ะ,pos
แต่เรื่องแบตนี้ไม่ไหวจริงๆเลยยังตัดสินในใช้ 13pro ต่อไป ,neg
พึ่งถอย 13pro256 มือ1 ชั่งใจ 14 เหมือนกันแต่แค่จอ13pro 120hz ก็คุ้มกว่าแล้ว ,pos
มันมีหลายรุ่นหลายยี่ห้อ..มันเลยไม่รู้ว่าใครสวยกว่ากัน....ผมใช้ android มาหลายเครื่องแต่ใจของผมชอบ iPhone...แต่ไม่เคยใช้....(ข้อเสีย..แบตน้อย.ชาร์จช้า),neg
เราชอบจอใหญ่ส่วนตัวไม่ค่อยใช้กล้องเลยไม่อยากบวกเพิ่มซื้อ3กล้อง,pos
iphone 13 ธรรมดาหน้าจอจะเขียวมั้ย,neu
ผมพึ่งซื้อ11มาแบตยัง100%อยู่แต่เจอร้านขายi12มือ2แบต89%เอา11ไปเทิร์นเพิ่ม4500คิดว่าควรไปเอา12หรือใช้11ต่อไปครับ,neu
ภาพโดนตัดไปเยอะเลย,neu
ภาพโคตรแตกเลยครับ ,neg
ที่ใช้จอ LED  ทั้งของ ซัมซุง vivo  เสี่ยวมี่  oppo แบรนอื่นจอ LED  สวยมากเลยครับ,pos
ใช้ดีค่ะแบตอึดมากการสัมผัสหน้าจอก็ลื่นไหลดีมากค่ะ ,pos
@OHZZA CH แบตก็มินิด้วย ,neu
คือเหลือแบตให้ใช้จนเย็นของวันสบายๆเหมือนเดิมคิดไม่ผิดที่เลือกเลย ,pos
พลาดที่ให้ชิพเก่า และ จอไม่ใช่ 120 hz,neg
กล้องดีขึ้น ,pos
พอร้อนแล้วจอดรอปแสงหน้าจอจนมืดเกือบมองจอไม่ได้ (ถือใช้กลางแจ้งแทบไม่ได้) เล่นเกมส์ได้ซักระยะ ร้อน ร้อนแล้วจอดรอปแสง ,neg
เวลาคนจะถ่ายรูปถ่ายวิดีโอจริงๆ ,neu
เราใช้12อยู่อยากเปลี่ยนแต่ลังเลระหว่าง13กับ14เพราะมันไม่ต่างกันมากแต่ด้วยความที่ราคาต่างกัน3000ใช้เวลาตัดสินใจอยู่เกือบเดือนสรุปเอา14เพราะได้โค๊ดส่วนลด2000เท่ากับซื้อ14ในราคาที่ต่างจากกับ13 1000พันคุ้มอยู่แหละสาเหตุที่อยากเปลียนคือแบต12มันน้อยบวกกับ5gที่ไม่เสถียรเปิด5gแล้วแบตไหลมากๆ,pos
มันได้หลายกล้องครับ+จอใหญ่ ,pos
กล้องมันจะเปลี่ยนเลนส์ช้ามาก ,neg
แบตอึดมากมายกว่าเดิมมาก ,pos
ซื้อวันแรกที่เปิดตัวมาเหมือนกัน48000กว่าๆ เล่นrov เฟรมแกว่ง30-50วิ่งอยู่ประมาณนี้เกมอื่นก็เป็นหมดไม่ใช่แค่rovเช่นslamdunk ก็เข้าใจว่าตัวที่ซื้อมามันเป็นตัวแห่งการเปลี่ยนแปลง xs max เป็นตัวแรกที่จอไร้ขอบใหญ่สุด 14 pro max ก็ dynamic island แต่ก็ไม่เข้าใจว่าตั้งแต่ซื้อ iphone มาเล่นเกมไม่เคยสนุกเลย5555มีปัญหาเครื่องร้อน ,neg
เพราะถ้าเต็มก็อัพไดร์ฟเอา ผมไม่ได้กังวลในเรื่องนี้เลย6.บัคจริง เรื่องยูทูปจอดำ 7.ผมยอมจ่ายเพราะมันได้งานได้ทำงานหาเงินได้(ข้อดีกล้องสวยชัดมากๆสู้กล้อง 2-3 หมื่นสบายไม่ค่อยมีปัญหามากสามารถถ่ายรูปและวิดีโอพร้อมใช้งานได้เลย ,pos
ชาร์จแบตเตอรี่เติม  ,neu
ใช่ครับ ที่เจ็บใจกว่าก็คือ XR ที่ถูกกว่า แต่ดันได้ชิปที่แรงกว่าเครื่องเมนหลักแถมจอใหญ่และแบตอึดกว่าอีก ,neg
เกมอื่นๆไม่มีปัญหาลื่นๆ2.กล้องเรื่องจริงมากสีมันไม่ค่อยสวยเท่าไหร่(ในกล้องหน้า) แต่กล้องหลังโหมดถ่ายคนคือดีมากผมชอบนะถึงสีจะไม่สวยยังไงผมก็ใช้ Lr อยู่แล้ว3.ไม่ใช่ปัญหา ,pos
พี่ครับกล้อง nikon d7500 น่าใช้ไหมครับ,neu
ความรู้สึกในใจคือ ทำไม Apple ถึงทำกับ 14 กับ 14 Plus แบบเดียวกับ SE2 ใส่ชิพเก่า(ถึงอัพชิพภายในนิดหน่อย) กล้องปรับนิดหน่อย ,neu
ถึงจอเล็กแต่ชิปมันดีเน้อ,pos
ถ้าถ่ายทั่วไป max จะดีกว่านิดหน่อย แต่ถ่ายตอนกลางคืนเห็นชัดแน่นอนครับ,pos
หน้าจอไม่สวยครับ,neg
ชอบนะครับ จากที่ใช้ จอใหญ่ดี แต่เบาดี ,pos
เห็นพี่ถ่ายอยู่,neu
เเล้วเเต่ชอบครับดีทั้ง2 ชอบจอใหญ่เลนส์กล้องครบไป12pm ชอบเครื่องเบาๆ ,pos
ชอบทุกอย่างยกเว้นเรื่องแบตครับ ,pos
อยากลองใช้โปรแม็กบ้างจะรอดู15ว่าจะออกมาดีหรือเปล่าถ้าไม่ก็ใช้13เหมือนเดิมแต่ยืนยันว่า13กล้องสวยจริง,pos
สุขภาพแบตสัก94%ขึ้นไป ,neu
iOS 16คือปัญหาเยอะเชื่อมต่อเน็ตติดๆดับแบตเตอรี่ไหลมาก,neg
จอใหญ่กว่า,neu
กล้องก็ดีกว่าด้วยอีก,pos
สรุปไม่มีไรติดมันลอกยิ่งเช็ดยิ่งลอก ติดฟิล์มกล้องด้วยนะตอนขายจะได้ราคาดีๆ,pos
แถมไม่ปวดใจกับกล้องหน้า ,neu
ตอนนี้ได้ใช้ยังงะ หาวงเรื่องแบตเหมือนกันเลยค่ะ,neu
ส่วนตัวชอบสามกล้อง ตำเลยค่ะ13โปร 55555555,pos
ซื้อ 14 px  มา แล้ว 🎉 14 px ดี กว่า 🎉  กล้อง 🎥 48 ล้าน ,pos
"ราคาก็น่าสนใจมากเลยค่ะ19,000 ประกันเหลือสิ้นปี แบต100% แต่อยากถามว่าถ้าใช้ไปนานๆหน้าจอจะมีผลอะไรไหมค่ะ สอบถามผู้รู้ทีค่ะ",neu
กล้องสวยปกติดี ,pos
@Tump Yung แย่กว่านั้นคือกล้องครับ 5555 ,neg
ถ้ามีแค่นั้นก็ 13 mini แหละครับถ้างั้นเพราะผมไม่ซีเรียสเรื่องแบตเตอรี่แบตหมดก็เพาเวอร์แบงค์จุกๆไป555 ทั้งชีวิตเกิดมาชาร์จอยู่แล้ว,neg
ขอ SE MAX จอใหญ่ขึ้นกว่านี่หน่อยเถอะ,neu
ถ่ายวีดีโอไม่ดีนะ ,neg
ก็ควรจะได้จอดีๆในราคานี้อะ,neg
เวลาถ่ายภาพต้องมองกล้องไหนคะ ,neu
พอลองจับตัวจิง จอ60hz ,neu
12mini แหละ แต่เกลียดแบตมันน้อยไปไหน หรือต้องเสริมด้วยแม่เหล็กติดเครื่อง ถามมันจะอึดขึ้นแค่ไหนกัน,neg
เวลาถ่ายรููปเสียงซัดเตอร์ดังเหมือนลำโพงซ็อต ,neg
นี่ใช้ฟลิปก็ไม่เคยถ่ายกล้องสดซัมซุงจ้า ,neu
1:15 จอที่ดีกว่ายังไงครับ 13 กับ 13mini ก็จอเดียวกันคนละไซส์,neu
ขอสอบถามคนใช้ไอโฟนครับ ถ้าสุขภาพแบตลดลงมันจะชาร์จไวขึ้นไหม,neu
ผมใช้ 14 พอปิดหน้าจอ ,neu
นี่สิถึงจะเรียกหน้าจอเล็ก พิมพ์ไทยผิดบ่อยมากๆ ,neu
เน้นใช้ เล่นเกมกับแบต ไปตัวไหนดีครับ,neu
กล้องดีขึ้นชิพก็ดีกว่าใหม่กว่าในตัว 116 อัพเดท iOS ได้อีกยาวยาวได้ใช้ 5G ด้วย,pos
อยากลองใช้ จอ 120Hz😅 ,neu
โดยส่วนตัวไม่สนจอใหญ่ ,neu
รีโน่4 ตอนกดเข้ากล้องช้ามาก ,neg
นี่ให้ความสำคัญกับกล้องมากๆเรื่องภาพค่อนข้างชอบเพราะแบบเวลาเราแต่งรูปสามารถแต่งได้หลายแนวหลายแบบมากเล่นสีได้อันนี้โอเคมากๆแต่เรื่องวิดีโอไม่ได้เลยจริงๆไม่เลิฟเลยกับเรื่องแบตเตอรี่ เรื่องบัคอันนี้คือเยอะๆจริงๆเยอะมากรวมๆคือไม่ค่อยปลื้มค่ะน่าจะทำได้ดีกว่านี้ในราคาแบบนี้,neg
พิมพ์ยาก(มาก) แบตไหลเป็นน้ำเรื่องแบต ,neg
กล้องแกงขี้เหล็ก 🤣🤣เอาตามฟีลส่วนตัวเลย 12 + 14 = 13,neu
สแกนนิ้วแบบ ที่ปุ่มล็อกดีมาก แต่ถ้าแบบแอนดรอยด์หลายๆรุ่นที่อยู่ใต้จอ ,pos
ชอบความขนาดเล็กของ iPhone 12 Mini ถ้าแบตอึดหน่อยก็คงดี,pos
ชอบเพราะเล็ก กังวลแบต,pos
สุขภาพแบตเหลือ 85 ยังใช้งานได้ทั้งวันครับ😎,pos
ถ้าเกิดจอเขียวเปลี่ยนจอประมาณกี่บาทครับ,neu
พี่ตั้มติดฟิล์มที่กล้องมั้ยครับ หรือใช้เคสดีๆแล้วไม่ต้องติดฟิล์มที่กล้องเลย ,neu
ส่วนเรื่องคุณภาพแบตตอนนี้เหลือ 98% ,neu
จอดีกว่าแบบคนละเรื่อง สีสัน ความคม ความเต็มตา  และกล้อง บอกได้ดีกว่า ,pos
เรื่องแบตนี่ก็ว่าอึดนะ ย้ายมาจาก 13PM ก็ว่ามันไม่ต่างกันเลย,pos
แล้วก็เรื่องกล้อง คิดเหมือนกันเลย ,neu
ไม่ค่อยจับโฟกัสภาพคะ ต้องขยับออกมาไกลอีกกว่าจะโฟกัส ,neu
แบตน้อยไปหน่อยไอโฟน,neu
iPhone มาช่วงหลังหลังห่วยแตกมากแบตก็ไม่อืดเราผิดหวัง iPhone รุ่นหลังหลังมาก,neg
ควรติดฟิล์มกล้องมั้ยคะ,neu
กล้องชัดเกินไปจนเห็นหลุมสิว556,neu
13 pro คุ้มกว่านะผมว่า ได้กล้องเพิ่มมา 120Hz,pos
@ศักดิ์นพล โพธิสา ของใหม่แต่ก็ใช่ว่ากล้องจะดีเสมอไปนะคะ ,neu
กล้องหน้าผีไหม ,neu
แถมกลายเป็นภาระ ที่ซดแบตซะงั้น,neu
กล้องก็ชัดเกิน55 แต่รู้สึกถือถนัดมือดีนะ👍🏻👍🏻,pos
กล้อง13 vs 6 หน่อยครับ,neu
จะซื้อ13โปรเเม็ค ก็เสี่ยงจอเขียว 14ก็เเพง,neg
ผมเคยเห็นเม้นนึงในเฟสบอก apple มีจอแค่ 2 แบบคือ 60hz และ 120hz ครับ ไม่รู้ทำไมเค้าถึงไม่ได้ผลิตจอ 90hz มา,neu
มันต้องทำ 2 เวอร์ชั่น คือที่เข้า recording ต้องไม่ส่งภาพที่มี island ไป ระดับ Apple ทำได้อยู่แล้ว ,neu
วัดการกินแบตของ i12 mini โดยที่ ความสว่างจอก็เท่าไรไม่รู้ 5G ก็เปิด มาเปรียบเทียบกับ i11 ที่ต่อ wifi ความสว่างครึ่งเดียว ,neu
แบตก็ไม่แน่นะครับ ,neu
เราก็คาดหวังว่าจะได้ข้อมูลที่เกี่ยวกับประสบการณ์การใช้งานต่างๆ อย่างเช่น พอใช้มาแล้ว 3 เดือนสภาพแบตเป็นยังไงบ้าง ,neu
ชอบครับ ใช้เพราะจอเล็ก กับ เป็นios ,pos
ผมชอบกล้องs23u,pos
ทำไมหน้าร้านเค้าบอกรีเฟรสเลทหน้าจอ90เเล้วครับ,neu
อยากได้มือถือแบตอึดก็ต้องยอมแลกกับความใหญ่เทอะทะ แกะกะของมัน ,neu
ใครจะเถียง 14 แล้วไง จอ 60Hz คือใช้แล้วจะกลับมา Hz น้อยไม่ได้อีกเลยยย,neg
เล่นเกม Pubg หนักมาก แต่แบตไม่ไหลเท่าไหร่ ,pos
ส่วน13จะได้กล้องเจนใหม่ชิพใหม่ ,neu
ตอนนี้ผมใช้se2ที่ยังไม่ซื้อse3เพราะขนาด4.7และกล้องตัวเดียวนี่แหละคือไปลดภายในแต่เพิ่มขนาดและกล้องคือนิดหน่อยไม่มากก็ได้แต่ก็ไม่เลย ,neu
แค่ถ่ายเฉยๆ แต่เปลี่ยนระยะโฟกัสเท่านั้น ,neu
อยากให้พี่ๆ เพิ่มฟีเจอร์เปรียบเทียบ จากการใช้ถ่ายฟีลเตอร์ สตอรี่ไอจีที่มีด้วยค่ะมันสำคัญมากจริงๆในยุคนี้ ,neu
เวลาใช้กล้อง ,neu
ตาแรก ทั้ง 60 ทั้ง 120 ภาพกระตุก เฟรมเรตตกตลอด ,neg
เวลาสั่นสะเทือน กันสั่นกล้องจะเสียไหมครับ เคยใช้ XR มาแล้วมันเสีย ,neu
ต่างแค่กล้องที่มีกันสั่นเข้ามาและสัญญาเสถียรกว่า ,pos
ถ้าในชีวิตไม่เคยใช้ iPhone ใช้แต่ vivo จอใหญ่แต่อยากใช้ iPhone งบไม่ถึงต้องใช้ iPhone อะไรค่ะชอบจอใหญ่แต่เงินไม่เยอะ,neu
ผมเจอบัคเวลาปัด control center ค้างไว้แล้วกดดับจอ (เปิด AOD ไว้) control center ค้างบนหน้าจอตอนดับไม่กี่วิ ถึงจะหาย ,neu
เพราะใช้ iphone 13 pro ที่โคตรจะนิ่ง ก็สัมผัสได้ว่ามันเล่นได้แย่ลงปรับสุดแล้วเฟรมเรทดรอปทั้งๆ ที่ก่อนหน้าไม่เป็นแบตหมดไวขึ้น ,neg
ผมว่าราคาตกกว่านี้เยอะขายยากด้วยหมดประกันจอเขียวจอขาวเปลี่ยนจอ15000 ,neg
ใช้อยู่ครับ เล่นเกมส์แบตไหลโฮกๆ ,pos
หน้าจอดีกว่าไอโฟน11 ชิบใหม่ ,pos
เล่นแค่โซเชียลแบตอยู่ได้ไหมครับ ทั้งวัน,neu
"ไม่ค่อยเป็นปัญหาเลย (อาจจะแค่เล่น face,line) แล้วกล้องคุณภาพเทพ ",pos
ในความคิดส่วนตัวนะถ้าไม่ได้ใช้กล้องก็มองข้ามไปก่อนเลย😀😀😀,neu
ของผมก็จอเขียวใช้มาเกือบปีกว่าพึ่งมาเป็นเมื่อวาน,neu
เสียดาย 12 pro max ใหญ่ไปพิมพ์มือเดียวไม่ได้ แต่อยากให้ต่อไปทำฟีเจอร์ลดหน้าจอลงแบบ samgsung  จะดีมากๆค่ะ,neg
แบตเสื่อมเร็ว ,neg
แอคชั่นโมด ออโตโฟกัสกล้อง บลูธูท5.3 แต่ถ้ามองการก้าวกระโดด 6S -> 13 ต่างกันโขเลย ,neu
ถ่ายพระจันทร์รุ่นไหนชัดคะ...มีปัญหาเรื่องถ่าวพระจันทร์มาก😅,neu
เล่นดีๆอ่าวเน็ตหลุด กำลังจะโอนตังให้ร้านค้าโอนไม่ได้จ้า เน็ต5G 4G สัญญานเต็มนะแต่เน็ตหลุด เป็นทั้งTrue Ais ไม่รู้เป็นที่เครื่องหรือเป็นที่ซิมเป็นตั้งแต่วันแรกจนถึงทุกวันนี้ ปกติ5G จะวิ่งรางๆ200-250 Mbps แต่ถ้าออกไปข้างนอกห้องจะวิ่งราวๆ 300-650 Mbps ถือว่าเร็วพอสมควร แต่แบตก็ไปไวเหมือนกัน ,neg
อันนี้เสียดายมาก13แน่แนนอายุการใช้งานนานกว่า เพราะเป็นตัวไหม่แบตอึดขึ้น ,neu
รู้สึกเบามือแต่จอใหญ่,neu
กล้องโคตรเรียล ,neu
เปิดกล้องแบตลดเร็ว ,neg
จอเขียวง่ายมั้ยครับ?,neu
"ทุกวันนี้แบตขั้นต่ำเขา 4,000 กันหมดแล้ว ",neu
ตัดเรื่องกล้องก็ 12 pro max สิครับ,neu
ไม่มีความโค้งของภาพเลย. หรือ เป็นความฟลุ๊ค ของการกดชัตเตอร์ ,neu
@NuTTo ใช่ครับ ถ่ายปกติ ,neu
ถ้าไม่ซีเรียสเรื่องความใหญ่ของหน้าจอ 13 ดีกว่าครับ,neg
ปรับภาพได้ สมูท เเต่ต้องคุมความร้อนดีๆ ,pos
เปลี่ยนจาก7มาเป็น14 ตอนใช้7แบตเหลือ1ปิดหน้าจอยังอยู่ได้2-3ชม พอใช้14แบตเหลือ1ปิดจอไว้5นาทีเปิดดูใหม่ไม่ติดละ😢😢,neg
วีดีโอสมูทมากมี stabilization เจ๋งไปอีก ก็ไม่รู้ว่าต่อไป Apple จะทำมินิออกมาอีกไหม ,pos
ดูวีดีโอยาวๆ ,neu
แต่ข้อเสียถ่ายภาพต่อเนื่องเป็น 100 ภาพ ,neu
@MR. Jeeyoung ผมว่าเค้าทำให้ความจุแบตเยอะขึ้นได้แค่เค้าไม่ทำ มือถือ Android ที่ขนาดเท่ากันความจุแบตยังมากกว่าเลย ,neg
แบตเตอรี่โอเค ,pos
ภาพป้องกันเคลื่อนไหวถือว่าสุดจริง ,pos
Apple ทำระบบโดยไม่แคร์แอพจากภาพนอกอยู่แล้ว(ถ้าไม่ใช่รายใหญ่จริง) นึกถึงสมัย iPhone X ขายช่วงแรกๆ มีปัญหาติ่งบังเยอะมาก กว่าแอพต่างๆจะทำมาให้เข้าที่เข้าทางก็เปิดตัวรุ่นใหม่พอดี ,neg
เมื่อก่อนใช้แอนดรอยด์ไม่เคยทำตกพอมาใช้seตกเป็นว่าเล่นแถมแบตลดเร็วต้องชาร์จหลายรอบต่อวันมีงบหน่อยไปรุ่นใหญ่เลย,neg
@Maxwell xzc ฟิมกันเลนส์ถ้าเคสมันสูงกว่าเลนส์กล้องไม่จำเป็นครับ เเต่ผมก็เเนะนำไห้ติดดีกว่าครับ ,pos
ผมไม่ได้ขายของอะครับก็อยากได้กล้องถ่ายละจบสวยเลย ,neu
ทีแรกตัดสินใจว่า14pm or -13pm ดี 14 pm พอเห็นอัดหน้าจอแล้วอีติ่งโผล่ด้วยในคลิป จบเลยจ้า ไป13 pm,neu
ยิ่งเราต้องใช้ถ่ายงานวิดิโอบ่อยด้วย ,neu
ขออนุญาต Iphone13ธรรมดามันจะไม่เป็นจอเขียวครับ,neu
ไอโฟนมีช้าจเร็วกับแบต3000เมื่อไหร่จะซื้อ,neu
แบตเตอรี่​น้อยเกินอะ ,neg
ไป 13 pro pro max 13 ก็ระวังจอเขียว จอขาวกันด้วยนะครับ😊,neu
ผมใช้ oneplus7pro จอ90hzอย่างลื่น  ,neu
รุ่นนี้แบตไหลแบบ ไหลไปเลยไหลเป็นน้ำกะจะย้ายกลับมาip15 แต่มันไม่ไหวละครับตอนนี้จัด 14p มาเรียบร้อย,neg
อีกอย่างของข้อเสียคือ เครื่องร้อนจอดำบ่อยมากกกก,neg
จอเหมือนจะเล็กสุดแต่ใช้จริงๆไม่เล็กขนาดนั้น ,neu
หนูใช่โทรศัพท์ร้อนจี๋เลยตอนนั้น แบตบวม555 เลยไท่กล้าเล่นเยอะเลยย,neg
เพราะมือถือสมัยนี้จอเป็นรูกันหมดจนเฝือละ!!!555,neg
เพราะโอเคกับขนาดทั้งคู่ 13&mini แต่เทียบดูแล้วเหมือนขอบจอด้านข้างมินิจะเล็กกว่า แต่ยังไม่ชัวร์เรื่องแบต,neu
แต่ถ้าไม่เน้นกล้องมาก 13 ก็ตอบโจทย์ค่ะราคาดีกว่า ,pos
แค่นี้ภาพก็ OK มากมายอยู่คัฟป๋ม ...,pos
ถ่ายเน้นถ่ายวิดีโอขอเชียร์ iphone ครับมีคลิปเปรียบเทียบคุณภาพของสองกล้องนี้หลายช่องมาก ,pos
ขอแชร์เรื่องการถ่ายภาพ จากใจคนใช้14pm ให้ตั้งค่าตามกล้องสาวจีนจะช่วยได้เยอะค่ะ ,neu
พี่ตั้มครับผมสงสัยว่าถ้าเอามาถ่ายวิดีโอ vrog ทั่วๆไปถ่ายรูปทั่วๆไป 13 ธรรมดาจะคุ้มค่ากว่าหรือเปล่าครับไม่มีเงินไป 13 โปร 555,neu
ภาพโครตสั่น เฟรมตกยับเลย,neg
เพราะถ้าถ่ายจริงจัง ,neu
สุขภาพแบตระยำที่สุดในทำเนียบเลย,neg
เอามาแปะกันหลายๆ คลิป ไม่ได้ถ่ายทีเดียวยาวๆ) ,neu
ผมใช้ 14PMมีใครเป็นแบบผมไหมครับกล้องหลัง ถ่ายใกล้ภาพเหลืองมากต้องถอยออกมาให้สลับอีกเลนส์ภาพถึงจะสีปกติครับ,neu
ผมใช้ 14p อยู่ครับ เวลาเล่นเกมผมจะถอดเคสออกแล้วเล่นในที่เย็น ๆ หรือเอาโทรศัพท์ไปจ่อพัดลมเลยครับ rov pubg genshin ปรับสุด 120 เฟรมนิ่ง ๆ ไม่ดรอป เล่นได้ยันแบตหมดเลยครับ หรือไม่ก็ต้องไปหาพัดลมมาติดด้านหลังโทรศัพท์ ทำยังไงก็ได้ให้เครื่องไม่ร้อนตอนเล่นเกม ,neu
ถ้าตัวแบบไม่ดีกล้องก็ถ่ายออกมาไม่ดี 😋 ส่วนตัวผมใช้กล้อง 14 pro max ถ่ายรูป เป็นคนผิวสองสี ก็ถือว่าถ่ายออกมาได้สวยทุกรูป,pos
ยอมเรื่องแบตเลยค่ะอึดขึ้นจริงถ้าเปิดใช้ 5g แบตไม่ไหลง่ายเลย ,pos
ความรุ้สึกแรกเลยคือแบตหมดไว,neg
คือใช้งานได้ แต่มันไม่ฟินเท่าจอ 6.1 แน่ๆ,neg
ติ่งappleบางคนยังไม่รู้ด้วยซ้ำว่าเครื่องตัวเองแค็ปวีดีโอได้ ,neu
แบตรุ่นนี้ค่อนข้างเล็กกว่ารุ่นอื่นๆ ,neu
จอเล็กแถบดำดูจอใหญ่มาก รอ 14 mini แบบรูบนกล้องแทน,neu
สำหรับผมเรื่องการเล่นเกม Rov ผมใช้ 14 Pro max ผมปรับคุณภาพในเกมสูงครับ (แต่ไม่ได้ปรับสูงสุดนะครับ) และเปิดหน้าจอ 120 เล่นเกมในห้องแอร์เล่นติดต่อกัน 5 ชั่วโมง คือคุณภาพไหลลื่นปกติดีไม่ได้แย่อย่างที่พี่คอมเม้นต์เลยครับ ,pos
ใช้ไอโฟน13pro มาซักพักตอนแรกมีปัญหากล้องมาโคร แต่ตอนนี้เจอกล้องเบลอไม่โฟกัส ,neg
ถ้าทำตามความอยากต้องลดคุณภาพของซอฟแวร์ ลดทุนแล้วใส่มาได้ทุกอย่างเพื่อสนองความอยาก แต่ไอโฟนเขาเน้นคุณภาพซอฟแวย์ต้องเสถียรและที่สำคัญต้องประหยัดพลังวานแบตมากๆ ,pos
ผมที่ดู14มาทุกรีวิวจนอยากได้14+จนกระทั่งมาคิดดูว่าเงิน20-30kแต่จอ60hzคงไม่ตอบโจทย์สำหรับผมซักเท่าไหร่…สรุปสุดท้ายก็ต้องจำยอมอยู่ด้อมแอนดรอยด์ต่อปายยย😂😂😂,neg
เพิ่มมาเท่าที่จำป็นในการดำรงชีวิตหลักๆ ซอฟแวย์ที่ใช้ในรุ่นเก่าแล้วเสถียรก็ใช้ต่อเพราะ อัฟเดทไปก็ไม่จำเป็นอย่าลืมนะว่าการอัฟเดทซอฟแวย์พวกไอทีทั้งโลกที่ให้เร็วและแรงมันเกี่ยวโยงกับเสียพลังงานแบต ,neu
ผมแทบไม่ได้ใช้เพราะมันดูดแบตโคตร,neg
ใครคลิปเสื้อสีขาวนี่เเฟนถ่ายให้ปล่าวครัย555,neu
14 PM ถ้าอัดหน้าจอตอนเล่นเกม ,neu
กล้องเรอบางทีแยกไม่ออกถ้าเทียบกับ 13phomax ,neu
พอดีจะซื้อไอโพนใช้ก่อนหน้านี้ใช้oppoอยากรู้ว่าแบตมันหมดเร็วไหมใช้oppo1วันชาต1ครั้ง,neu
เล่นเพียงนิ้วเดียวถั่วจอคนข้างๆแอบมองไม่ได้555 ,neu
ผมใช่iPhone 13 นะ ดูยูปทูปแล้วจอดำผมเจอเหมือนกัน ,neg
แนะนำถ้าเล่นเกมส์ให้จอพัดลมเลย ,neu
12 mini แบตหมดค่อนข้างไวอยู่,neg
ถ้า mini จอ 5.8 นิ้ว ,neu
ละก็ขอเรื่องจอเขียว/ม่วงด้วยครับ กราบละครับบบบบ,neu
13กับ13pro กล้องไหนดีกว่าคะ,neu
ขนาดเซฟแบตแล้ว หรือฉันทำอะไรผิดพลาดตรงไหน ,neg
สำหรับเราจอมันเล็กอ่ะ อยากได้จอ 6.7 แต่ก็แพงมาก ,neu
แทบจะปิดเกมส์ทิ้ง (ปิด 5g ใช้ wifi หรือ 4g ดีขึ้นมานิดนึง)-แบตเตอรี่ ,neu
ทั้งๆที่นิตเยอะกว่า - แล้วแบตก็ไม่อึดนะ ,neg
ผมไม่รู้จริงๆว่าแอนดรอยอันอื่นเป็นยังไงแต่ถ้าเกมส์ผมว่ายังไงก็ต้องไอโฟนมันสมูทมากสำหรับผมแต่ถ้าวันไหนเล่นที่ระเบียงดูดบุหรี่ไปเล่นไปเครื่องจะร้อนแล้วก็มีดรอปบ้าง แต่ซัมซุงนี่ไม่ไหวจริงๆสำหรับตัวผมมันฟิลไม่ได้จริงๆ แต่foldที่ใช้เพราะเวลาไม่กางจอเล่นมือเดียวนี่ฟิลลิ่งโครตดี ,pos
แล้วยิ่งไปจับเสี่ยวมี่ที่หน้าจอ 120Hz ของพี่ชายคือแบบมองแรงใส่มือถือตัวเองบ่อยมาก 555555555555 แต่ก็ถือโอเคสำหรับคนเปลี่ยนมือถือไม่บ่อยหรือคนที่กระโดดจากแบรนด์นึงมาอีกแบรนด์ ,pos
จอยัง 60 Hz โบราณโคตร ,neg
กล้องเราก็ไม่เน้น ,neu
i13 ชาตแบตเต็มทั้ง2เครื่อง​100%  ทิ้งไว้1คืนโดยไม่เล่นทั้ง2เครื่อง​ ตอนเช้าตื่นมา​ i11 เหลือแบต100%เต็ม​และ i13ลดไป​เหลือ96% คับ​ แบบไหนดีกว่ากันคับ,neu
ทำไมแบตน้อยจัง,neu
ถ้าไม่คิดระแวงเรื่องจอก็ 13 โปรแม็ค แต่ถ้าจากใจคนที่ใช้ iPhone อยู่ตอนนี้นะรู้สึกชอบ s23 มากกว่าแต่เรื่องเล่นเกมอันนี้ก็ไม่รู้นะแต่ต้อง รดูดีวิวเต็มดีกว่าครับผม,neg
ขนาดแอนดรอยราคา3หมิ่นบางยี้ห้อยังไม่มี แต่ก็ต้องเข้าใจไอโฟนเขาไม่ได้ขายกล้อง,neg
ios 15.0.1-2 หลายแอพวีดีโอยังไม่เสถียรอะ ,neg
ตัวกล้องเหมือน​กับ13ปกติเลยใช่ไหมครับ มันต่างกันมากไหมครับคัวกล้อง,neu
ใช้แล้วเหมือนจอมี Dead Pixel ยักษ์อยู่เวลาใช้ ทั้งเวลาดูวิดีโอ เวลาเล่นเกม ,neu
กล้องไม่เหมาะกับที่แสงน้อย ,neg
ราคาเบาๆ แต่จอใหญ่ๆ หน่อย ,neu
IOS.16 เรียกได้ว่ามหากาพย์จอบัค😂 (สายเกมกดจังหวะจะรู้ดี) ไถๆอยู่ไปๆมาๆเด้งออกแอปบ้างหล่ะ อยู่ๆก็แคปจอบ้างหล่ะ(อันนี้อาจจะไปหาตั้งค่าเพื่อปิดได้)แต่คุณพรี่เปิดให้เองหลังอัปเดตอะสิประเด็นน😅,neg
กล้องดีมาก ,pos
รูปที่ออกมาแต่งบ้างไม่แต่งบ้างแล้วแต่อารมณ์ แต่ถ้าเทียบกับ 13PM ใช่เลยครับ😂 13สวยกว่ามากแทบไม่ต้องแต่งกันเลย-แบตเตอรี่ รู้สึกว่ามันไม่ทนเท่า13PMจริงๆ ,neg
ในขณะที่เพื่อน 13 pm มองเห็นหน้าจออะ ,neu
วาร์ปซื้อ iPhone 12 mini และ iPhone 11 แบบออนไลน์ได้ที่นี่เลย .iPhone 12 Mini : https://shp.ee/bfyz9rkiPhone 11  : https://shp.ee/swg9att.ดูทดสอบกล้องเพิ่มเติมได้ที่ :  https://youtu.be/ohza136ALvE.คลิปแกะกล่องพรีวิว iPhone 12 ทุกรุ่นจ้า.iPhone 12 Mini : https://youtu.be/Mjp6eTkpaJQiPhone 12 : https://youtu.be/IAqV8O0QfkUiPhone 12 Pro : https://youtu.be/JWJS_9kbvWciPhone 12 Pro Max : https://youtu.be/JWJS_9kbvWc,neu
หน้าจอใหญ่ ,neu
@Sammy Story เปิดใช้5จีรวมๆแล้วเรืีองแบตเปนไงบ้างค่ะ ไหลเว่อร์ หรือสมเหตุสมผล🙂,neu
ที่จริงแล้วคนที่อยากซื้อ iPhone SE 3 สเปคดีกว่าแรงกว่า บางคน ที่ความจริงว่า จอเล็ก เดิมๆ iPhone 8 กับ iPhone SE 2 ดีไซน์เดิม แค่ อัพเกรดสเปคครับ แล้ว ที่ผมไปเดินห้าง โลตัส เดินดูใน ais shop คนที่ไปหัดซื้อ iPhone 11 กับ iPhone 12 เยอะกว่า ,pos
ไมแบตผมอยู่ได้ทั้งวัน 555 หรือได้ของปลอมหว่า,neu
@P_T ดีครับ​ลื่นๆเลย​ล๊อตใหม่​แบตอึดๆ​,pos
ส่วนตัวเคยใช้iphone6แล้วไปใช้7plusต่อมาเป็นSE3 ก็คือจากจอใหญ่กลับมาจอเล็กแล้วจะไม่ชินตอนแรกๆเฉยๆ ส่วนเรื่องการพิมพ์ก็แก้ง่ายๆด้วยการกลับมาพิมพ์มือเดียวเหมือนเดิม แต่ใช้สองมือก็ปรับตัวเดี๋ยวก็ชินเหมือนเดิม55ถามว่าเล็กไหมส่วนตัวมองว่าไม่เล็กมากเกินแต่พอใส่เคสมือถือ(uag)ปุ๊บรู้สึกเล็กยิ่งขึ้นไปเอง,neu
11ดีกว่าได้จอใหญ่จอบจอใหม่,pos
นี่ซื้อมาใช้ยังถึงครึ่งปีสุขภาพแบตเหลือ98%นี่ว่าถนอมมากแล้วนะ🥹,neu
แต่ถ้าถามในมุมของคนทำงานด้านภาพมันดีแน่นอน ,pos
ทั้งที่ชาวบ้านเขาจ่ายเป็นร้อยวัตยังไม่ร้อนเท่าเลยครับ แล้วแบตก็เสื่อมน้อยกว่าด้วย ,neg
ถ้าซื้อมาใช้สักระยะประมาณ 2 ปีขึ้นไป 128 gb ถือว่าพอใช้ไหมค่ะ เน้นถ่ายรูป ถ่ายวิดีโอ ค่ะ,neu
รีวิวเทียบกล้องไอโฟน 13 vs ไอโฟน 13 โปร,neu
สอบถามครับพี่เวลาวีดีโอคอลบน massengerไอโฟน13มันกดไปแอพอื่นไม่ได้หรอครับ ถ้าปัดออกหน้าวีดีโอคือปิดกล้องครับ  ,neu
"มันคุ้มกว่าแน่นอน เพิ่ม แค่ 3,000 ก็ได้หน้าจอที่ใหญ่  ",pos
หน้าจอก็ติดค่ะคือเพราะว่าเคคื่องร้อนมากเลยดับ ,neg
มีข่าวว่า I phone 14 pm ถ่ายคลิปในแอพ snapchat กับ tiktok แล้วกล้องสั่นแบบเสียงดังฟังชัด ถ่ายคลิปแล้วภาพสั่นมากๆ ,neg
อยากให้ลองเทียบแบตแอนดรอยด์กับiosที่ขนาดเท่ากันใครอึดกว่ากับการชาจน์ที่วัตน์เท่ากันใครเร็วกว่ากันครับส่วนตัวไม่เคยใช้แอนดรอยอยากลองใช้สักเครื่อง เลยอยากให้พี่เทียบให้ดูหน่อยครับ ,neu
แต่ผมกลับชอบระบบแสกนลายนิ้วมือมากกว่า face idแต่ซื้อให้แม่ผมเลือกจอใหญ่เลยเพราะเป็นเรื่องจริงเลยที่ผู้สูงวัยต้องใช้จอใหญ่ๆเท่านั้น แต่จอขอบบางก็ไม่ค่อยเหมาะกับผู้สูงวัยบางคนเท่าไหร่ ,pos
หนูใช้ 7plus มา แบตน้อยกว่า ยังอยู่ได้ทั้งวันเลยค่ะ สนใจ 12 มินิ มากๆเลย,pos
อยากได้ เลนส์ไวด์เพิ่ม กับแบตอึดขึ้น ,neu
ไปซื้อกล้องดีกว่า   มันไม่คุ้มสามหมื่น น่า ใช้เป็น เลขา ส่วนตัว สิ ใช้เป็น บริหารเงิน  ,neg
แบตเหลือ 96% งงมากเลย😢เป็นการเปิดใจใช้ไอโฟนเครื่่องแรก ที่ไม่ประทับใจเลยค่ะ😢 ,neg
แบตอึด ,pos
ไม่ชอบจอ dynamic island ชอบติ่งแบบเดิมมากกว่า,neg
ผมว่า 14 pm เรื่องกล้อง ,neu
หน้าจอดำเกือบจะทุกครั้งที่เปิดยูทูป  เปิดวีดีโอ  ,neg
เฟรมเรทตกเกี่ยวกับแบตเตอรี่ไมครับพี่,neu
อยากไห้เทียบกล้องกับ sony,neu
เราเลือกรุ่นไม่ยากเลยค่ะเอารุ่นที่จอใหญ่ที่สุด ,neu
แบตเตอรี่ใก้มาน้อยมาก,neg
กล้องสวย,pos
ทำไมไอโฟนไม่ทำแบตเยอะแบบแอนดรอยครับ,neu
ความคิดและความชอบส่วนตัวของผมว่าทำไมผมถึงเลือก iPhone14Plus 1 อัพจาก iPhone 11 มาเป็น iPhone 14 Plus2 ชอบในจอขนาดใหญ่ 6.7 นิ้ว ,pos
จอไม่เส้นไม่อมเขียวถือว่าผ่านแล้วครับ ,pos
คือ  ปัญหาจอเขียว ผมก็เจอ ใช้ได้ 10 เดือนคือจอพังใช้ถนอมทุกอย่าง ,neg
ขอเทคนิคถ่ายรูปหน้าเบลอหลังชัดใน ไอโฟน14 หน่อยครับ,neu
IPhone SE ก็ว่าโอ แต่ไม่โอเลยคือ ไม่มี Plus แบบจอ 5.5 ,neg
เหตุผลง่ายๆก็มี 1.คือมันเป็นของใหม่ 2.มันมีออโตโฟกัสกล้องหน้า 3.แบตอึดกว่านิดๆหน่อยๆข้อเสียคือ 1.ราคาเปิดตัวแพงสัส 2.มันเป็นพอร์ตไลท์นิ่ง 3.จอมันเป็น60 4.กล้องน้อยกว่า13pro รวมๆ14ก็ไม่ได้แย่ ,neu
แต่แบตลดไวถ้าถ่ายรูปบ่อยหรือเล่นเกมส์,neg
ตอนนี้แอนดรอยเทคนชอบจอเล็กทิ้งขนาดเครื่องต่ำกว่า 150 ซม.หาได้ใหม่สุดก็ pixel 5ที่ขนาด 144ในขณะที่ไอโฟนมินิทำได้เล็กถึง 131 ,neu
มีวิธีแก้ bug ดู youtube จอดำไหมคะ อัพios ล่าสุดแล้วก็ยังเป็นค่า แอบหงุดหงิดทุกครั้งเลยค่ะ,neg
@Thikam 14 คือไม่ได้แย่เลยค่ะ A15ยังถือว่าแรงเหลือๆ ใช้งานทุกอย่างได้ไม่สดุดอยู่แล้ว แต่ที่เราตัดสินใจเลือก13pro เพราะหลายๆอย่าง13proทำได้ดีกว่าค่ะ ที่ดีกว่าอย่างเห็นได้ชัด เช่นหน้าจอ120hz กล้อง3ตัว บอดี้ที่ดีกว่าค่ะ ซึ่งสเป็คของ14ธรรมดา ,pos
เรื่องแบตใช้งานมา 1 เดือนเปอร์เซ็นสุขภาพแบตเหลือ 99% แล้วงงมากทั้งๆที่ตอนนั้น 11 กว่าจะลดก็หลายเดือนกว่านี้อีกค่ะ,neu
มันก็ต้องโทษที่ตัวแบบคนถ่ายด้วย ,neu
กล้องเอ่ย และหลายๆอย่าง เคยไปกินข้าวต่างประเทศถ่ายรูปอาหาร คนใช้ไอโฟนยัง ,neu
กะอีแค่จอ refresh rate สูงๆยังไม่ให้ แค่ 90hz คนก็รู้สึกว่าต่างกันมากละ ของแค่นี้จะหวงไปไหน,neg
นอกจากงานกล้อง ,neu
แบตขอสัก4000 ก็พอแล้วว😅,neu
ส่วนตัวมีปัญหาเกี่ยวกับกล้องเวลาจะถ่ายตามระยะ ,neg
@RaieL BeLLCroSS ลองย้ายมาดูครับ จะได้รู้ว่าเวลาเบื่อๆเพราะงานเสร็จก่อนเวลาแล้วต่อมือถือ เข้าจอคอมใหญ่ๆสีสดๆ ,neu
ของเราไม่ถึง2เดือน สุขภาพแบต98 ตอนใช้13pm จะครบปีถึงลดมา98😢,neu
อยากให้ทดสอบ 4G/5G ครับ เปิด 4G แล้วอยู่ได้ทั้งวันมั้ยครับกับแบตแค่ 2400  mAh และต่างจาก เปิด 5G แค่ไหน ,neu
อยากทราบว่า เครื่องผมเบต้าแบต 72% ไอโฟน7พลัส เล่นเกมร้อนเร็วแบตไหลมาก ,neu
บางทีจะรีบถ่ายแมว กดเข้ากล้องไม่ทัน แต่ภาพถ่ายได้โอเคอยู่ ,pos
แบตทนนาน ,pos
จอ14ม่าวง2จิกหน่อยพ่จะซื้อไห้ตอนป.6,neu
แบตจะไหวไหมครับพี่ หรือต้องชาทระหว่างวัน กำลังตัดสินใจครับ,neu
หน้าจอ Refresh Rate ควรจะ 90 หรือไม่ก็ 120 hz แล้วครับ ,neg
เค้าเลยตัดสินใจซื้อ iPhone 11 มันจอใหญ่กว่า ,neg
@PP เจอจอเขียวไหมครับ,neu
ฝาหลังให้ แต่จอเดิม ,neu
ข้อเสียคือแบตหมดเร็วมากกก,neg
แต่ถ้าชอบจอใหญ่ๆ ชอบดูแบบชัดๆ ไป 12 ค่ะ แต่สำหรับเรารับได้ค่ะ เพราะเราเคยใช้ 8 Plus มา เครื่องใหญ่ หนักมาก ,pos
ส่วน iPhone 13 โปรแม็ค แบตอึดกว่า จริงครับ,pos
ตอนแรกจะเอา 13 promax เห็นข่าวจอเขียว ,neu
แบตเตอรี่ก็ไม่อืดเลยไม่เหมือนกับ 13 pro max คับ,pos
ข้อเสียภาพจะไม่คมเหมือนตอนผ่านการประมวลผล แต่แอบบอกว่า อัป ios มาหลังๆ HDR ดีขึ้นครับ,pos
ดันไม่ทำตึ่งหน้าจอเหมือน android ลำบากจัด,neg
ถ้ากล้องเป็น 48mp จะขายดีกว่านี้,neu
ผมก็จัด13pm  32k แบต99 ประกันถึงปีหน้าคุ้มเลย,pos
ผมชอบเกือบทุกอย่างยกเว้นไดนามิค ไอซ์แลนด์ กับเรื่องความร้อนและแบตเตอร์รี่,neg
ชอบจุดเดียวเลยของ 14 pm คือ วีดีโอกันสั่น นอกนั้นเฉยๆ,pos
เรื่องแบตอ่ะ พี่ตั้มพูดถูกนะคะ ไอโฟน ยิ่งร้อนยิ่งแบตไปเร็วมาก ,neg
รู้สึกว่าแบตมันลดไวกว่าเดิม ของผมความจุแบตยัง100%นะ,neu
ไม่ง่ายที่ถ่ายแล้วลงได้เลย4:32 lightning ยื้อ เพื่อขาย MFI รุ่นหน้าทุกคนจะ type c กันหมด5:59 แบต ไม่อึด fast charge u* ,neg
ขอวิธีถ่ายภาพคนผ่านแอพคาเมร่าหรือแต่งภาพให้หน้าเนียน ,neu
นึกว่าผมเป็นคนเดียวดูแอปแดงจอดับไม่มีภาพมีแต่เสียงเฟรมเหรดขึ้นๆลงๆเหวี่ยงเยอะจิง 13pm ยังพอเสถียรไม่ถึงกระตุกเดินไม่ได้ ,neg
ผมใช้ 14p เอาจริงๆ หน้าจอ 14p ,neu
แล้วมีเรื่องจอเขียวเกิดขึ้นมั้ยครับ,neu
สิ่งเดียวที่ทำให้ผมชอบมากที่สุดคือกล้อง และรุ่นที่ผมว้าวที่สุดคือ13 pro max คือที่สุดที่ผมรู้สึก เชี่ยยยย โคตรเจ๋งเลยวะ ,pos
ยิ่งหนักหน่วง แบตลดไว (ปิด always on display แล้ว) Wi-Fi คือ จ่อใกล้ๆ พี่ยังหาไม่เจอ หลุดเป็นว่าเล่น ,neg
นี่ย้ายจาก se มารู้สึกว่าถ่ายเซลฟี่แล้วไม่สวยเหมือนเมื่อก่อน ,neg
กล้องหน้าฝังใต้จอ ,neu
เครื่องผมปิดเครื่องแล้วแบตลดอะครับซื้อมายังไม่ถึงเดือน,neu
แต่ก่อนใช้12 พอมาเจอแอนดรอย จอ120Hz ฟาสชาจ120w เปลี่ยนโลกผมจริงๆ,neu
ไอโฟน 11 ดีกว่าเห็นๆ ง่ายๆ ดูภาพหมาสิ ใช้ 12ถ่าย น้อนเฉยๆ พอเป็น 11 น้อนถึงกับหันมามองแล้วยิ้ม,neg
อีกเหตุผลหลักที่ตัดสินใจซื้อเพราะแหล่งข่าว หรือตามอ๊อฟฟิศที่ทำคอนเทนต์ส่วนใหญ่เขาใช้ไอโฟนถ่ายวิดีแทนกล้องตัวใหญ่ ,pos
มา 16.3 เลยคะ แบตอึดมาก,pos
ตอนซื้อมาใหม่ๆเสียงสตอรี่ไม่มีต้องมากดปุ่มข้างเครื่องปิดเสียงลงแล้วกดเปิดใหม่ทั้งๆที่เปิดอยู่แล้วให้มันมีเสียง-กล้องที่มันไม่สวยเลยจืดๆผมแต่งรูปไม่เก่งอยู่แล้วด้วยคือมันไม่พร้อมลง-เครื่องร้อนง่ายมากปล.อย่าดราม่าผมนะนี่คือข้อเสียที่ผมเจอมาไอข้อดีมันก็เยอะแยะเหมือนกันแต่ก็นะ😢😢,neg
ซื้อรถเครื่องได้แบตกะจอกแท้สู้แอนดรอยเครื่องละ3000ยังไม่ได้,neg
ผมใช้ iPhone 14 pro max 256gb.1.ลำคาญติ่งเวลาดูหนังหรือเล่นเกมส์เต็มหน้าจอ2.โทรศัพท์ร้อนไวมากขณะใช้กล้องและเปิดMaps3. ,neg
ทำไมกล้อง iphone13 ,neu
มันจะต่างกันที่ ขนาดหน้าจอ กับแบตครับ หลักๆ,neu
i14ถ่ายคลิปสตอรี่ไอจีเเล้วช๊อตฟิวมาก,neg
เน้นจอ120hzเถอะ ,neu
อยากให้ใช้iphone13ถ่าย คลิปรีวิวครับ โชว์โหมด cinematicครับ,neu
กลัวจอเขียวครับ,neu
สวยไม่ได้อยู่ที่กล้องครับ,neu
เเบตอึดจอใหญ่ ,pos
@Nong L Lee Chanel ใช่คับมันมีทุกรุ่นแหละ แต่คงไม่ให้มันโด่ขวางน่าจอแบบนี้แน่นอน,neu
ส่วนเรื่องกล้องดีมาก💯 ติดตรงถ้าถ่ายใกล้ๆมันจะไม่โฟกัสนี่แหละ😅ปล.ลองใช้นำทางแล้ว ,pos
เล่นเกมรุ้สึกแบตลดเร็ว,neg
โดยเฉพาะแบตและประสิทธิภาพเครื่อง ,neu
@Wilawan Wan จอแตก ,neg
@worakunya Sirakarnก็ไอ้บนขอบจอดำๆที่มีกล้องหน้าอยู่อะคับ,neu
ส่วนตัวอยากให้ตัว Pro จอสัก 6.3 กำลังพอดี6.1 ,neu
บางทีก็ไม่ค่อยโฟกัส เป็นเพราะ ติดฟิลม์ครอบเลนกล้องหรือป่าวคับ,neu
ดูเสร็จจัดมาเลย❤️แต่หน้าจอดูเหลืองๆปรับยังไงคะ55555หรือดูแต่จอก๊อปเลยชินแบบนั้น,pos
ชอบจอใหญ่12pm  ชอบของใหม่13,pos
มีราคาแพงกว่า จอแอนดรอย ที่เป็นอมูเล็ตซะอีก  ,neg
ไม่ต้องเทียบกับไรเลยครับอยากรู้แค่แบตอึดใหมแค่นี้เลยครับคุณภาพสเปคนี่รู้ๆกันอยู่555,neu
พี่ทำคลิป ไอโฟน 14 Max กับไอโฟน 13 pro max ทีครับ ปกติผมชอบหน้าจอใหญ่ๆ ลังเล ระหว่างรอ ไอโฟน 14 ออกครับ ,neu
ทำเหมือนกันเดะ ตรงบากหน้าจอ  ,neu
ใช้12promax  ไม่ถึงปี สุขภาพแบตเหลือ93% อยากให้ทำคลิปเกี่ยว ,neu
แต่เดี๋ยวนี้ปรับแต่งได้อิสระมากขึ้นเยอะ เมื่อก่อน iphone แบตอยู่ได้แค่ครึ่งวันก็ต้องหาที่ชาร์จแล้ว ,pos
9:39 โหมดกลางคืนตอนอยู่ในกล้องภาพสวยแต่พอถ่ายออกมา ,pos
จริงๆไอโฟนทำจอแบบสแกนนิ้วใต้จอได้แหละ แต่ไม่ทำ,neu
จอ HD ,neu
จัดมาแล้วค่ะ 13 Pink รอนานมากพอสมควร😂 จากคนที่ใช้ Android มาตลอด จนตัดสินใจเปลี่ยนมาใช้ ios เครื่องนี้เครื่องแรกบอกเลยว่าประทับใจมากค่ะ🥰 แบตอึดมากพอสมควร ,pos
แบตอึดมากถ้าเปิดแค่ 4G,pos
55555 รุ่นไหนมีกล้องง่ะ,neu
กดโฮมสั่นอยู่เลย ปวดตับ YouTube จอดำ ,neg
มันน่าเกลียดเหมือนติ่งหน้าจอ ,neg
กล้องหลัง 48  !!! ,neu
ใครๆก็อยากอัพภาพที่ตัวเองดูดีลงโซเชียล ,neu
12 mini มัน mini จริงๆ นะ ถ้าคุณเป็นคนใช้มือถือแบบ หน้าจอ 6.1 นิ้ว + มาเป็นเวลา 2-3 ปี ,neu
ต้องบอกว่าผมใช้เรือธงสองแบรนด์นี้ มาตลอด ก่อนหน้านี้ s22ultra ก็ซื้อแล้วขายแล้วเรื่องรูปผมไม่พูดเพราะผมไม่ค่อยได้ถ่ายได้แค่แคปหน้าจอส่วนมาก ,neu
ตอนนี้ดันเป็นจอโค้งทั้งหมดซึ่งค่อนข้างเป็นปัญหากำการติดกระจกกันรอยครับ เลยอยากใช้ตัวท็อปที่จอไม่โค้งบ้างครับ,neg
ใช้ 11 อยู่ แต่จะไป 12 mini เพราะ ขนาดเครื่องเล็กแค่นั้นแบตไม่ซีเรียส ,neu
ผมว่าจะซื้อ 11 ครับผมชอบแบตที่เยอะเพราะส่วนตัวจับโทรศัพท์บ่อยมากๆทั้งแชททั้งเกมทั้งยูทูปติ๊กต่อกโซเชียลต่างๆเรื่องจอผมไม่ค่อยซีเรียสเท่าไหร่ครับความละเอียดมันไม่ดีมากแต่มันก็คมชัดมากกว่ารุ่นเก่าๆเยอะเลยครับ,pos
อยากให้se genถัดไปใช้ บอดี้8+ คือชอบจอ5.5 กำลังดี ,neu
พูดถึงios จอดำยังดำอยู่เลย,neg
ขอสอบถามหน่อยค่ะเวลาเราถ่ายรูปค่ะกล้องหน้าเวลาถ่ายเสร็จแล้วไปดูในรูปอ่ะค่ะมันจะชอบแบบขยับเหมือนทำให้มันชัดขึ้นค่ะแต่เราไม่ได้เปิดหมวด Live นะคะมันเป็นเพราะฟิวเจอร์ แบบนี้ปกติไหมคะ,neu
จอนเเรกก็ว่า 13 pro คุ้มเเต่ตอนนี้จอเขียวจอขาว ,neg
มีใครเป็นมั้ยครับ 12promax ถ่าย4k 60fps ,neu
ห่วยตรงแบตเตอรี่นี่แหละ ,neg
ขนาดกล้องนี้ต่างกันไหมคะ,neu
งบขนาดนี้ จัดแอลดรอยเสเปคดีๆกล้องชัดสวยได้สบาย ,neg
ปัญหานี้ไม่รุ้เป็นผมคนเดียวมั้ยนะ ip 11 เปลี่ยนวอลเปเปอหน้าจอ ,neu
แค่อยากได้จอใหญ่,neu
กล้องสำหรับผมตอนนี้ไม่ค่อยเน้นถ่ายรูปเท่าไหร่ ,neu
มีประโยชน์ในการครอปภาพมากครับ ,pos
ถ้าตัวแบบดีกล้องก็ถ่ายออกมาดี ,pos
มันไม่ขึ้นแฟรชแต้งเตือนข้างบนตรงหน้าจอคะ,neu
ขาย 11 มา 13 แบตอึดมาก ,pos
กล้องหน้าถ่ายวิดีโอได้แค่ full hd ไม่มีอะไรสมบูรณ์แบบหรอกถ้าคนมันคิดจะติอะเนอะ🤣,neu
เพราะชอบจอเท่าse ,pos
ตอนนี้ยังใช้ได้อยู่555 เปลี่ยนแบต2รอบ ,neu
ใช้ Magsafe ช่วยลดอาการเกิดจอเขียวไหมครับ ขอความรู้ทีครับ ,neu
แต่วันไหนที่ต้องใช้กล้องเล่นเกมหนักๆเปิดเเสงเสียงเยอะๆมีชาร์จระหว่างวันบ้างเเหละครับ แต่แบตไม่ได้เเย่เลยนะครับผมว่า,neu
ส่วนดูหนังมีไอแพดอยู่แล้ว คือถ้าทำจอให้มันเต็มๆไม่มีขอบจะขายดีมาก ,neu
ปรับจนภาพดูผิดธรรมชาติ เข้าใจว่าอยากให้ภาพดูชัดแต่บางทีมันก็เหมือนภาพแตก,neg
ไปเที่ยวถ่ายวิดีโอ ไอโฟนตอบโจทย์,pos
แบตคือลดเยอะ เปอร์เซ็นต์ตอนนี้เหลือ 95%,neg
รู้สึกว่าdinamic is land เกะกะ มาก   แต่ก็ซื้อน้องมาแล้ว ถ่ายวีดีโอ กล้อง สวยอยู่ ,pos
ติดอย่างเดียวน้องแบตน้อย ,neg
กล้องสีซีดจริง ,neg
กล้องต้องยอมสวยจริง สว่างขึ้น ,pos
@userผมว่าไอโฟนยังไม่เอาออกเพราะกำลังทำกล้องใต้จอรึเปล่าครับ,neu
ใช้ RENO 5 PRO  😅 แบตอึด ,neg
สำหรับผม 5gกินแบต ,neg
ผมมองว่าสีจากกล้องไอโฟนมันเพี้ยนเอาเรื่องอยู่นะครับ ตอนใช้ 14pm กับ 23ultra หลายๆครั้งผมมองว่า 14pm white balance เพี้ยน กับความคมที่ขุดมาเยอะเกินจริงไปมาก,neg
กล้องสวยกว่าสุดๆ ,pos
เป็นบัคครับ แถมจอลงไม่สุดถึง 10Hz ,neu
พึ่งขาย11โปรมาเอา12มินิวันนี้เองคับหลักๆเลยคือชอบมือถือจอเล็กมากๆๆๆๆเรื่องอื่นผมรับได้หมดคับ #ชอบมากๆๆๆๆ12มินิรักเลยคับ,pos
